ACTIVITY_DATE,COHORT_YM,RETAINED_ACCOUNTS,RETAINED_REV,RETAINED_GMV
2015-01-01,2015-08-01,1,11927856,554327844
2016-01-01,2015-08-01,1,11927856,554327844
2017-01-01,2015-08-01,1,11927856,554327844
2018-01-01,2015-08-01,1,11927856,554327844
2019-01-01,2015-08-01,1,11927856,554327844
2020-01-01,2015-08-01,1,11927856,554327844
2021-01-01,2015-08-01,1,11927856,554327844
2022-01-01,2015-08-01,1,11927856,554327844
2023-01-01,2015-08-01,1,11927856,554327844
2024-01-01,2015-08-01,1,11927856,554327844
2015-01-01,2016-01-01,0,0,0
2016-01-01,2016-01-01,1,221893,25686169
2017-01-01,2016-01-01,0,0,0
2018-01-01,2016-01-01,0,0,0
2019-01-01,2016-01-01,0,0,0
2020-01-01,2016-01-01,0,0,0
2021-01-01,2016-01-01,0,0,0
2022-01-01,2016-01-01,1,221893,25686169
2023-01-01,2016-01-01,1,221893,25686169
2024-01-01,2016-01-01,1,221893,25686169
2015-01-01,2016-02-01,0,0,0
2016-01-01,2016-02-01,1,20314,250000
2017-01-01,2016-02-01,0,0,0
2018-01-01,2016-02-01,0,0,0
2019-01-01,2016-02-01,0,0,0
2020-01-01,2016-02-01,0,0,0
2021-01-01,2016-02-01,0,0,0
2022-01-01,2016-02-01,0,0,0
2023-01-01,2016-02-01,0,0,0
2024-01-01,2016-02-01,0,0,0
2015-01-01,2016-06-01,0,0,0
2016-01-01,2016-06-01,1,32806,1800000
2017-01-01,2016-06-01,0,0,0
2018-01-01,2016-06-01,0,0,0
2019-01-01,2016-06-01,0,0,0
2020-01-01,2016-06-01,0,0,0
2021-01-01,2016-06-01,0,0,0
2022-01-01,2016-06-01,0,0,0
2023-01-01,2016-06-01,0,0,0
2024-01-01,2016-06-01,0,0,0
2015-01-01,2016-08-01,0,0,0
2016-01-01,2016-08-01,1,196401,20250000
2017-01-01,2016-08-01,1,196401,20250000
2018-01-01,2016-08-01,0,0,0
2019-01-01,2016-08-01,0,0,0
2020-01-01,2016-08-01,0,0,0
2021-01-01,2016-08-01,0,0,0
2022-01-01,2016-08-01,0,0,0
2023-01-01,2016-08-01,0,0,0
2024-01-01,2016-08-01,0,0,0
2015-01-01,2016-10-01,0,0,0
2016-01-01,2016-10-01,1,77417,49225748
2017-01-01,2016-10-01,1,77417,49225748
2018-01-01,2016-10-01,1,77417,49225748
2019-01-01,2016-10-01,0,0,0
2020-01-01,2016-10-01,0,0,0
2021-01-01,2016-10-01,0,0,0
2022-01-01,2016-10-01,0,0,0
2023-01-01,2016-10-01,0,0,0
2024-01-01,2016-10-01,0,0,0
2015-01-01,2016-11-01,0,0,0
2016-01-01,2016-11-01,3,2528367,140322219
2017-01-01,2016-11-01,3,2528367,140322219
2018-01-01,2016-11-01,2,2486458,136306781
2019-01-01,2016-11-01,1,703685,60677370
2020-01-01,2016-11-01,1,703685,60677370
2021-01-01,2016-11-01,1,703685,60677370
2022-01-01,2016-11-01,1,703685,60677370
2023-01-01,2016-11-01,0,0,0
2024-01-01,2016-11-01,0,0,0
2015-01-01,2017-01-01,0,0,0
2016-01-01,2017-01-01,0,0,0
2017-01-01,2017-01-01,2,4514263,388020149
2018-01-01,2017-01-01,1,3959318,338059725
2019-01-01,2017-01-01,1,3959318,338059725
2020-01-01,2017-01-01,1,3959318,338059725
2021-01-01,2017-01-01,1,3959318,338059725
2022-01-01,2017-01-01,1,3959318,338059725
2023-01-01,2017-01-01,1,3959318,338059725
2024-01-01,2017-01-01,0,0,0
2015-01-01,2017-06-01,0,0,0
2016-01-01,2017-06-01,0,0,0
2017-01-01,2017-06-01,1,103339,4210150
2018-01-01,2017-06-01,1,103339,4210150
2019-01-01,2017-06-01,1,103339,4210150
2020-01-01,2017-06-01,0,0,0
2021-01-01,2017-06-01,0,0,0
2022-01-01,2017-06-01,1,103339,4210150
2023-01-01,2017-06-01,1,103339,4210150
2024-01-01,2017-06-01,0,0,0
2015-01-01,2017-08-01,0,0,0
2016-01-01,2017-08-01,0,0,0
2017-01-01,2017-08-01,1,3901218,305062391
2018-01-01,2017-08-01,1,3901218,305062391
2019-01-01,2017-08-01,1,3901218,305062391
2020-01-01,2017-08-01,1,3901218,305062391
2021-01-01,2017-08-01,1,3901218,305062391
2022-01-01,2017-08-01,1,3901218,305062391
2023-01-01,2017-08-01,1,3901218,305062391
2024-01-01,2017-08-01,1,3901218,305062391
2015-01-01,2017-09-01,0,0,0
2016-01-01,2017-09-01,0,0,0
2017-01-01,2017-09-01,3,2109764,252177987
2018-01-01,2017-09-01,3,2109764,252177987
2019-01-01,2017-09-01,3,2109764,252177987
2020-01-01,2017-09-01,3,2109764,252177987
2021-01-01,2017-09-01,2,2109764,190707595
2022-01-01,2017-09-01,1,591904,52930434
2023-01-01,2017-09-01,0,0,0
2024-01-01,2017-09-01,0,0,0
2015-01-01,2017-11-01,0,0,0
2016-01-01,2017-11-01,0,0,0
2017-01-01,2017-11-01,1,16602,600000
2018-01-01,2017-11-01,1,16602,600000
2019-01-01,2017-11-01,0,0,0
2020-01-01,2017-11-01,0,0,0
2021-01-01,2017-11-01,0,0,0
2022-01-01,2017-11-01,0,0,0
2023-01-01,2017-11-01,0,0,0
2024-01-01,2017-11-01,0,0,0
2015-01-01,2018-01-01,0,0,0
2016-01-01,2018-01-01,0,0,0
2017-01-01,2018-01-01,0,0,0
2018-01-01,2018-01-01,1,13554,13256884
2019-01-01,2018-01-01,1,13554,13256884
2020-01-01,2018-01-01,0,0,0
2021-01-01,2018-01-01,0,0,0
2022-01-01,2018-01-01,0,0,0
2023-01-01,2018-01-01,0,0,0
2024-01-01,2018-01-01,0,0,0
2015-01-01,2018-02-01,0,0,0
2016-01-01,2018-02-01,0,0,0
2017-01-01,2018-02-01,0,0,0
2018-01-01,2018-02-01,1,58166,2965059
2019-01-01,2018-02-01,0,0,0
2020-01-01,2018-02-01,0,0,0
2021-01-01,2018-02-01,0,0,0
2022-01-01,2018-02-01,0,0,0
2023-01-01,2018-02-01,0,0,0
2024-01-01,2018-02-01,0,0,0
2015-01-01,2018-03-01,0,0,0
2016-01-01,2018-03-01,0,0,0
2017-01-01,2018-03-01,0,0,0
2018-01-01,2018-03-01,3,846800,33197559
2019-01-01,2018-03-01,3,846800,33197559
2020-01-01,2018-03-01,1,501185,17307375
2021-01-01,2018-03-01,0,0,0
2022-01-01,2018-03-01,0,0,0
2023-01-01,2018-03-01,0,0,0
2024-01-01,2018-03-01,0,0,0
2015-01-01,2018-06-01,0,0,0
2016-01-01,2018-06-01,0,0,0
2017-01-01,2018-06-01,0,0,0
2018-01-01,2018-06-01,5,1265618,53999880
2019-01-01,2018-06-01,4,1122242,42699826
2020-01-01,2018-06-01,1,568821,24056300
2021-01-01,2018-06-01,1,568821,24056300
2022-01-01,2018-06-01,2,657413,29632029
2023-01-01,2018-06-01,2,657413,29632029
2024-01-01,2018-06-01,2,657413,29632029
2015-01-01,2018-07-01,0,0,0
2016-01-01,2018-07-01,0,0,0
2017-01-01,2018-07-01,0,0,0
2018-01-01,2018-07-01,5,243616,50019554
2019-01-01,2018-07-01,5,243616,50019554
2020-01-01,2018-07-01,0,0,0
2021-01-01,2018-07-01,0,0,0
2022-01-01,2018-07-01,0,0,0
2023-01-01,2018-07-01,0,0,0
2024-01-01,2018-07-01,0,0,0
2015-01-01,2018-08-01,0,0,0
2016-01-01,2018-08-01,0,0,0
2017-01-01,2018-08-01,0,0,0
2018-01-01,2018-08-01,26,3864958,203428577
2019-01-01,2018-08-01,26,3864958,203428577
2020-01-01,2018-08-01,1,1793380,15384211
2021-01-01,2018-08-01,2,1793380,25426571
2022-01-01,2018-08-01,2,1793380,25426571
2023-01-01,2018-08-01,3,1793796,19395862
2024-01-01,2018-08-01,1,196,3000000
2015-01-01,2018-09-01,0,0,0
2016-01-01,2018-09-01,0,0,0
2017-01-01,2018-09-01,0,0,0
2018-01-01,2018-09-01,176,4996804,1056594047
2019-01-01,2018-09-01,176,4996804,1056594047
2020-01-01,2018-09-01,12,1729374,169945166
2021-01-01,2018-09-01,9,547608,125648982
2022-01-01,2018-09-01,20,2612764,478686322
2023-01-01,2018-09-01,20,3220470,546979612
2024-01-01,2018-09-01,12,2165451,500402674
2015-01-01,2018-10-01,0,0,0
2016-01-01,2018-10-01,0,0,0
2017-01-01,2018-10-01,0,0,0
2018-01-01,2018-10-01,8,1689610,187907449
2019-01-01,2018-10-01,8,1689610,187907449
2020-01-01,2018-10-01,3,1544467,173999718
2021-01-01,2018-10-01,2,943087,140751576
2022-01-01,2018-10-01,0,0,0
2023-01-01,2018-10-01,0,0,0
2024-01-01,2018-10-01,0,0,0
2015-01-01,2018-11-01,0,0,0
2016-01-01,2018-11-01,0,0,0
2017-01-01,2018-11-01,0,0,0
2018-01-01,2018-11-01,9,139368,13367075
2019-01-01,2018-11-01,9,139368,13367075
2020-01-01,2018-11-01,1,0,2000000
2021-01-01,2018-11-01,1,0,2000000
2022-01-01,2018-11-01,0,0,0
2023-01-01,2018-11-01,0,0,0
2024-01-01,2018-11-01,0,0,0
2015-01-01,2018-12-01,0,0,0
2016-01-01,2018-12-01,0,0,0
2017-01-01,2018-12-01,0,0,0
2018-01-01,2018-12-01,8,0,7500000
2019-01-01,2018-12-01,8,0,7500000
2020-01-01,2018-12-01,1,0,1000000
2021-01-01,2018-12-01,0,0,0
2022-01-01,2018-12-01,0,0,0
2023-01-01,2018-12-01,0,0,0
2024-01-01,2018-12-01,0,0,0
2015-01-01,2019-01-01,0,0,0
2016-01-01,2019-01-01,0,0,0
2017-01-01,2019-01-01,0,0,0
2018-01-01,2019-01-01,0,0,0
2019-01-01,2019-01-01,20,2052704,394971799
2020-01-01,2019-01-01,2,1296934,306641901
2021-01-01,2019-01-01,2,2043174,375765489
2022-01-01,2019-01-01,4,2043174,379765489
2023-01-01,2019-01-01,4,2052704,380971799
2024-01-01,2019-01-01,3,2052704,376971799
2015-01-01,2019-02-01,0,0,0
2016-01-01,2019-02-01,0,0,0
2017-01-01,2019-02-01,0,0,0
2018-01-01,2019-02-01,0,0,0
2019-01-01,2019-02-01,3,0,7000000
2020-01-01,2019-02-01,0,0,0
2021-01-01,2019-02-01,0,0,0
2022-01-01,2019-02-01,0,0,0
2023-01-01,2019-02-01,0,0,0
2024-01-01,2019-02-01,0,0,0
2015-01-01,2019-03-01,0,0,0
2016-01-01,2019-03-01,0,0,0
2017-01-01,2019-03-01,0,0,0
2018-01-01,2019-03-01,0,0,0
2019-01-01,2019-03-01,8,2618745,190721268
2020-01-01,2019-03-01,1,2618745,174721268
2021-01-01,2019-03-01,1,2618745,174721268
2022-01-01,2019-03-01,2,2618745,176721268
2023-01-01,2019-03-01,1,2618745,174721268
2024-01-01,2019-03-01,0,0,0
2015-01-01,2019-04-01,0,0,0
2016-01-01,2019-04-01,0,0,0
2017-01-01,2019-04-01,0,0,0
2018-01-01,2019-04-01,0,0,0
2019-01-01,2019-04-01,9,9588999,459734579
2020-01-01,2019-04-01,5,9587203,456495059
2021-01-01,2019-04-01,4,9223041,417964837
2022-01-01,2019-04-01,4,9223041,417964837
2023-01-01,2019-04-01,2,9220226,414569178
2024-01-01,2019-04-01,1,3329957,161386065
2015-01-01,2019-05-01,0,0,0
2016-01-01,2019-05-01,0,0,0
2017-01-01,2019-05-01,0,0,0
2018-01-01,2019-05-01,0,0,0
2019-01-01,2019-05-01,2,9174,3408703
2020-01-01,2019-05-01,1,9174,2408703
2021-01-01,2019-05-01,1,9174,2408703
2022-01-01,2019-05-01,1,9174,2408703
2023-01-01,2019-05-01,1,9174,2408703
2024-01-01,2019-05-01,1,9174,2408703
2015-01-01,2019-06-01,0,0,0
2016-01-01,2019-06-01,0,0,0
2017-01-01,2019-06-01,0,0,0
2018-01-01,2019-06-01,0,0,0
2019-01-01,2019-06-01,4,253426,19489110
2020-01-01,2019-06-01,1,253426,17489110
2021-01-01,2019-06-01,1,253426,17489110
2022-01-01,2019-06-01,1,253426,17489110
2023-01-01,2019-06-01,1,253426,17489110
2024-01-01,2019-06-01,1,253426,17489110
2015-01-01,2019-07-01,0,0,0
2016-01-01,2019-07-01,0,0,0
2017-01-01,2019-07-01,0,0,0
2018-01-01,2019-07-01,0,0,0
2019-01-01,2019-07-01,6,2113149,85801596
2020-01-01,2019-07-01,6,2113149,85801596
2021-01-01,2019-07-01,1,1996145,54353894
2022-01-01,2019-07-01,1,1996145,54353894
2023-01-01,2019-07-01,0,0,0
2024-01-01,2019-07-01,0,0,0
2015-01-01,2019-08-01,0,0,0
2016-01-01,2019-08-01,0,0,0
2017-01-01,2019-08-01,0,0,0
2018-01-01,2019-08-01,0,0,0
2019-01-01,2019-08-01,12,1172688,163365198
2020-01-01,2019-08-01,12,1172688,163365198
2021-01-01,2019-08-01,2,364612,51354702
2022-01-01,2019-08-01,4,557537,138946632
2023-01-01,2019-08-01,4,557537,138946632
2024-01-01,2019-08-01,3,228951,90570914
2015-01-01,2019-09-01,0,0,0
2016-01-01,2019-09-01,0,0,0
2017-01-01,2019-09-01,0,0,0
2018-01-01,2019-09-01,0,0,0
2019-01-01,2019-09-01,15,834754,267714874
2020-01-01,2019-09-01,15,834754,267714874
2021-01-01,2019-09-01,0,0,0
2022-01-01,2019-09-01,1,0,58416
2023-01-01,2019-09-01,0,0,0
2024-01-01,2019-09-01,0,0,0
2015-01-01,2019-10-01,0,0,0
2016-01-01,2019-10-01,0,0,0
2017-01-01,2019-10-01,0,0,0
2018-01-01,2019-10-01,0,0,0
2019-01-01,2019-10-01,13,1149129,130399466
2020-01-01,2019-10-01,13,1149129,130399466
2021-01-01,2019-10-01,2,534500,57759964
2022-01-01,2019-10-01,3,534500,57759964
2023-01-01,2019-10-01,2,36720,24983295
2024-01-01,2019-10-01,1,0,1000000
2015-01-01,2019-11-01,0,0,0
2016-01-01,2019-11-01,0,0,0
2017-01-01,2019-11-01,0,0,0
2018-01-01,2019-11-01,0,0,0
2019-01-01,2019-11-01,19,1290619,256668683
2020-01-01,2019-11-01,19,1290619,256668683
2021-01-01,2019-11-01,3,1090682,57763478
2022-01-01,2019-11-01,3,1090682,57763478
2023-01-01,2019-11-01,5,1094331,60308602
2024-01-01,2019-11-01,3,1093565,58281869
2015-01-01,2019-12-01,0,0,0
2016-01-01,2019-12-01,0,0,0
2017-01-01,2019-12-01,0,0,0
2018-01-01,2019-12-01,0,0,0
2019-01-01,2019-12-01,12,1081789,78812867
2020-01-01,2019-12-01,12,1081789,78812867
2021-01-01,2019-12-01,1,771017,30155563
2022-01-01,2019-12-01,3,772719,37684671
2023-01-01,2019-12-01,3,772719,37202177
2024-01-01,2019-12-01,3,772719,37202177
2015-01-01,2020-01-01,0,0,0
2016-01-01,2020-01-01,0,0,0
2017-01-01,2020-01-01,0,0,0
2018-01-01,2020-01-01,0,0,0
2019-01-01,2020-01-01,0,0,0
2020-01-01,2020-01-01,6,6392,268793149
2021-01-01,2020-01-01,0,0,0
2022-01-01,2020-01-01,0,0,0
2023-01-01,2020-01-01,1,6392,1241205
2024-01-01,2020-01-01,1,6392,1241205
2015-01-01,2020-02-01,0,0,0
2016-01-01,2020-02-01,0,0,0
2017-01-01,2020-02-01,0,0,0
2018-01-01,2020-02-01,0,0,0
2019-01-01,2020-02-01,0,0,0
2020-01-01,2020-02-01,4,1398177,130925850
2021-01-01,2020-02-01,2,1398177,103329572
2022-01-01,2020-02-01,1,1039058,65614700
2023-01-01,2020-02-01,1,1039058,65614700
2024-01-01,2020-02-01,0,0,0
2015-01-01,2020-03-01,0,0,0
2016-01-01,2020-03-01,0,0,0
2017-01-01,2020-03-01,0,0,0
2018-01-01,2020-03-01,0,0,0
2019-01-01,2020-03-01,0,0,0
2020-01-01,2020-03-01,7,92188,130234057
2021-01-01,2020-03-01,1,0,1050400
2022-01-01,2020-03-01,1,0,1050400
2023-01-01,2020-03-01,1,92188,10573359
2024-01-01,2020-03-01,1,92188,10573359
2015-01-01,2020-04-01,0,0,0
2016-01-01,2020-04-01,0,0,0
2017-01-01,2020-04-01,0,0,0
2018-01-01,2020-04-01,0,0,0
2019-01-01,2020-04-01,0,0,0
2020-01-01,2020-04-01,9,1031260,183809129
2021-01-01,2020-04-01,2,1031260,66635047
2022-01-01,2020-04-01,1,1031260,65472262
2023-01-01,2020-04-01,1,1031260,65472262
2024-01-01,2020-04-01,0,0,0
2015-01-01,2020-05-01,0,0,0
2016-01-01,2020-05-01,0,0,0
2017-01-01,2020-05-01,0,0,0
2018-01-01,2020-05-01,0,0,0
2019-01-01,2020-05-01,0,0,0
2020-01-01,2020-05-01,9,2122149,372148127
2021-01-01,2020-05-01,3,2122149,26952273
2022-01-01,2020-05-01,3,2122149,26952273
2023-01-01,2020-05-01,2,49822,5449667
2024-01-01,2020-05-01,1,49822,3904787
2015-01-01,2020-06-01,0,0,0
2016-01-01,2020-06-01,0,0,0
2017-01-01,2020-06-01,0,0,0
2018-01-01,2020-06-01,0,0,0
2019-01-01,2020-06-01,0,0,0
2020-01-01,2020-06-01,7,121159,476770442
2021-01-01,2020-06-01,2,121159,106388750
2022-01-01,2020-06-01,1,121159,11690534
2023-01-01,2020-06-01,0,0,0
2024-01-01,2020-06-01,0,0,0
2015-01-01,2020-07-01,0,0,0
2016-01-01,2020-07-01,0,0,0
2017-01-01,2020-07-01,0,0,0
2018-01-01,2020-07-01,0,0,0
2019-01-01,2020-07-01,0,0,0
2020-01-01,2020-07-01,7,580860,136710106
2021-01-01,2020-07-01,7,580860,136710106
2022-01-01,2020-07-01,1,479401,30453677
2023-01-01,2020-07-01,0,0,0
2024-01-01,2020-07-01,0,0,0
2015-01-01,2020-08-01,0,0,0
2016-01-01,2020-08-01,0,0,0
2017-01-01,2020-08-01,0,0,0
2018-01-01,2020-08-01,0,0,0
2019-01-01,2020-08-01,0,0,0
2020-01-01,2020-08-01,7,545250,49085353
2021-01-01,2020-08-01,7,545250,49085353
2022-01-01,2020-08-01,2,207351,7584175
2023-01-01,2020-08-01,0,0,0
2024-01-01,2020-08-01,0,0,0
2015-01-01,2020-09-01,0,0,0
2016-01-01,2020-09-01,0,0,0
2017-01-01,2020-09-01,0,0,0
2018-01-01,2020-09-01,0,0,0
2019-01-01,2020-09-01,0,0,0
2020-01-01,2020-09-01,4,1475531,49454179
2021-01-01,2020-09-01,4,1475531,49454179
2022-01-01,2020-09-01,1,1425293,43281603
2023-01-01,2020-09-01,1,1425293,43281603
2024-01-01,2020-09-01,1,1425293,43281603
2015-01-01,2020-10-01,0,0,0
2016-01-01,2020-10-01,0,0,0
2017-01-01,2020-10-01,0,0,0
2018-01-01,2020-10-01,0,0,0
2019-01-01,2020-10-01,0,0,0
2020-01-01,2020-10-01,7,1175778,63063142
2021-01-01,2020-10-01,7,1175778,63063142
2022-01-01,2020-10-01,1,571414,10077901
2023-01-01,2020-10-01,0,0,0
2024-01-01,2020-10-01,0,0,0
2015-01-01,2020-11-01,0,0,0
2016-01-01,2020-11-01,0,0,0
2017-01-01,2020-11-01,0,0,0
2018-01-01,2020-11-01,0,0,0
2019-01-01,2020-11-01,0,0,0
2020-01-01,2020-11-01,8,601979,111678590
2021-01-01,2020-11-01,8,601979,111678590
2022-01-01,2020-11-01,5,601979,109678590
2023-01-01,2020-11-01,4,601647,106108990
2024-01-01,2020-11-01,1,4073,132360
2015-01-01,2020-12-01,0,0,0
2016-01-01,2020-12-01,0,0,0
2017-01-01,2020-12-01,0,0,0
2018-01-01,2020-12-01,0,0,0
2019-01-01,2020-12-01,0,0,0
2020-01-01,2020-12-01,8,2967955,186844521
2021-01-01,2020-12-01,8,2967955,186844521
2022-01-01,2020-12-01,3,2886047,183764939
2023-01-01,2020-12-01,3,2886047,183764939
2024-01-01,2020-12-01,2,2769062,178701960
2015-01-01,2021-01-01,0,0,0
2016-01-01,2021-01-01,0,0,0
2017-01-01,2021-01-01,0,0,0
2018-01-01,2021-01-01,0,0,0
2019-01-01,2021-01-01,0,0,0
2020-01-01,2021-01-01,0,0,0
2021-01-01,2021-01-01,4,297477,16968863
2022-01-01,2021-01-01,1,3644,111363
2023-01-01,2021-01-01,1,3644,111363
2024-01-01,2021-01-01,1,3644,111363
2015-01-01,2021-02-01,0,0,0
2016-01-01,2021-02-01,0,0,0
2017-01-01,2021-02-01,0,0,0
2018-01-01,2021-02-01,0,0,0
2019-01-01,2021-02-01,0,0,0
2020-01-01,2021-02-01,0,0,0
2021-01-01,2021-02-01,7,146514,12106434
2022-01-01,2021-02-01,3,39665,3177137
2023-01-01,2021-02-01,2,37922,2060809
2024-01-01,2021-02-01,2,37922,2060809
2015-01-01,2021-03-01,0,0,0
2016-01-01,2021-03-01,0,0,0
2017-01-01,2021-03-01,0,0,0
2018-01-01,2021-03-01,0,0,0
2019-01-01,2021-03-01,0,0,0
2020-01-01,2021-03-01,0,0,0
2021-01-01,2021-03-01,6,88432,9057438
2022-01-01,2021-03-01,3,34727,2447313
2023-01-01,2021-03-01,2,34222,2433201
2024-01-01,2021-03-01,1,7418,484587
2015-01-01,2021-04-01,0,0,0
2016-01-01,2021-04-01,0,0,0
2017-01-01,2021-04-01,0,0,0
2018-01-01,2021-04-01,0,0,0
2019-01-01,2021-04-01,0,0,0
2020-01-01,2021-04-01,0,0,0
2021-01-01,2021-04-01,10,233595,12079235
2022-01-01,2021-04-01,6,233595,10079235
2023-01-01,2021-04-01,1,212587,8254132
2024-01-01,2021-04-01,0,0,0
2015-01-01,2021-05-01,0,0,0
2016-01-01,2021-05-01,0,0,0
2017-01-01,2021-05-01,0,0,0
2018-01-01,2021-05-01,0,0,0
2019-01-01,2021-05-01,0,0,0
2020-01-01,2021-05-01,0,0,0
2021-01-01,2021-05-01,12,458151,30669367
2022-01-01,2021-05-01,7,398239,29083312
2023-01-01,2021-05-01,5,249087,13725781
2024-01-01,2021-05-01,1,0,0
2015-01-01,2021-06-01,0,0,0
2016-01-01,2021-06-01,0,0,0
2017-01-01,2021-06-01,0,0,0
2018-01-01,2021-06-01,0,0,0
2019-01-01,2021-06-01,0,0,0
2020-01-01,2021-06-01,0,0,0
2021-01-01,2021-06-01,11,264288,8309786
2022-01-01,2021-06-01,5,262805,8266586
2023-01-01,2021-06-01,3,261232,8198471
2024-01-01,2021-06-01,0,0,0
2015-01-01,2021-07-01,0,0,0
2016-01-01,2021-07-01,0,0,0
2017-01-01,2021-07-01,0,0,0
2018-01-01,2021-07-01,0,0,0
2019-01-01,2021-07-01,0,0,0
2020-01-01,2021-07-01,0,0,0
2021-01-01,2021-07-01,19,14585445,711200159
2022-01-01,2021-07-01,19,14585445,711200159
2023-01-01,2021-07-01,9,14089355,687349098
2024-01-01,2021-07-01,5,13912860,681943934
2015-01-01,2021-08-01,0,0,0
2016-01-01,2021-08-01,0,0,0
2017-01-01,2021-08-01,0,0,0
2018-01-01,2021-08-01,0,0,0
2019-01-01,2021-08-01,0,0,0
2020-01-01,2021-08-01,0,0,0
2021-01-01,2021-08-01,21,12969308,1206594667
2022-01-01,2021-08-01,21,12969308,1206594667
2023-01-01,2021-08-01,12,12953337,1205869939
2024-01-01,2021-08-01,9,12949608,1205782493
2015-01-01,2021-09-01,0,0,0
2016-01-01,2021-09-01,0,0,0
2017-01-01,2021-09-01,0,0,0
2018-01-01,2021-09-01,0,0,0
2019-01-01,2021-09-01,0,0,0
2020-01-01,2021-09-01,0,0,0
2021-01-01,2021-09-01,19,15942682,1314698502
2022-01-01,2021-09-01,19,15942682,1314698502
2023-01-01,2021-09-01,7,15655304,1283534387
2024-01-01,2021-09-01,3,11109306,1033014500
2015-01-01,2021-10-01,0,0,0
2016-01-01,2021-10-01,0,0,0
2017-01-01,2021-10-01,0,0,0
2018-01-01,2021-10-01,0,0,0
2019-01-01,2021-10-01,0,0,0
2020-01-01,2021-10-01,0,0,0
2021-01-01,2021-10-01,20,1452849,187358905
2022-01-01,2021-10-01,20,1452849,187358905
2023-01-01,2021-10-01,6,878195,138341587
2024-01-01,2021-10-01,3,832617,134055436
2015-01-01,2021-11-01,0,0,0
2016-01-01,2021-11-01,0,0,0
2017-01-01,2021-11-01,0,0,0
2018-01-01,2021-11-01,0,0,0
2019-01-01,2021-11-01,0,0,0
2020-01-01,2021-11-01,0,0,0
2021-01-01,2021-11-01,16,2258454,200049919
2022-01-01,2021-11-01,16,2258454,200049919
2023-01-01,2021-11-01,5,2071218,168889377
2024-01-01,2021-11-01,4,1625780,130491234
2015-01-01,2021-12-01,0,0,0
2016-01-01,2021-12-01,0,0,0
2017-01-01,2021-12-01,0,0,0
2018-01-01,2021-12-01,0,0,0
2019-01-01,2021-12-01,0,0,0
2020-01-01,2021-12-01,0,0,0
2021-01-01,2021-12-01,16,1442887,180704719
2022-01-01,2021-12-01,16,1442887,180704719
2023-01-01,2021-12-01,3,715592,73068346
2024-01-01,2021-12-01,3,715592,73068346
2015-01-01,2022-01-01,0,0,0
2016-01-01,2022-01-01,0,0,0
2017-01-01,2022-01-01,0,0,0
2018-01-01,2022-01-01,0,0,0
2019-01-01,2022-01-01,0,0,0
2020-01-01,2022-01-01,0,0,0
2021-01-01,2022-01-01,0,0,0
2022-01-01,2022-01-01,8,139484,4768606
2023-01-01,2022-01-01,4,117160,4200046
2024-01-01,2022-01-01,2,95169,3480720
2015-01-01,2022-02-01,0,0,0
2016-01-01,2022-02-01,0,0,0
2017-01-01,2022-02-01,0,0,0
2018-01-01,2022-02-01,0,0,0
2019-01-01,2022-02-01,0,0,0
2020-01-01,2022-02-01,0,0,0
2021-01-01,2022-02-01,0,0,0
2022-01-01,2022-02-01,16,4920892,281888755
2023-01-01,2022-02-01,7,4581793,239478682
2024-01-01,2022-02-01,3,4483086,228607406
2015-01-01,2022-03-01,0,0,0
2016-01-01,2022-03-01,0,0,0
2017-01-01,2022-03-01,0,0,0
2018-01-01,2022-03-01,0,0,0
2019-01-01,2022-03-01,0,0,0
2020-01-01,2022-03-01,0,0,0
2021-01-01,2022-03-01,0,0,0
2022-01-01,2022-03-01,22,10560119,1240359064
2023-01-01,2022-03-01,12,9839155,1202805294
2024-01-01,2022-03-01,4,940386,110083553
2015-01-01,2022-04-01,0,0,0
2016-01-01,2022-04-01,0,0,0
2017-01-01,2022-04-01,0,0,0
2018-01-01,2022-04-01,0,0,0
2019-01-01,2022-04-01,0,0,0
2020-01-01,2022-04-01,0,0,0
2021-01-01,2022-04-01,0,0,0
2022-01-01,2022-04-01,17,1375505,91301742
2023-01-01,2022-04-01,7,648878,47553145
2024-01-01,2022-04-01,5,99422,5490915
2015-01-01,2022-05-01,0,0,0
2016-01-01,2022-05-01,0,0,0
2017-01-01,2022-05-01,0,0,0
2018-01-01,2022-05-01,0,0,0
2019-01-01,2022-05-01,0,0,0
2020-01-01,2022-05-01,0,0,0
2021-01-01,2022-05-01,0,0,0
2022-01-01,2022-05-01,13,1030651,33449450
2023-01-01,2022-05-01,5,804602,12816097
2024-01-01,2022-05-01,3,34443,1823647
2015-01-01,2022-06-01,0,0,0
2016-01-01,2022-06-01,0,0,0
2017-01-01,2022-06-01,0,0,0
2018-01-01,2022-06-01,0,0,0
2019-01-01,2022-06-01,0,0,0
2020-01-01,2022-06-01,0,0,0
2021-01-01,2022-06-01,0,0,0
2022-01-01,2022-06-01,22,5201070,215810562
2023-01-01,2022-06-01,16,5042905,196325718
2024-01-01,2022-06-01,8,4994544,193424203
2015-01-01,2022-07-01,0,0,0
2016-01-01,2022-07-01,0,0,0
2017-01-01,2022-07-01,0,0,0
2018-01-01,2022-07-01,0,0,0
2019-01-01,2022-07-01,0,0,0
2020-01-01,2022-07-01,0,0,0
2021-01-01,2022-07-01,0,0,0
2022-01-01,2022-07-01,11,2111454,125853636
2023-01-01,2022-07-01,11,2111454,125853636
2024-01-01,2022-07-01,4,2055059,123179248
2015-01-01,2022-08-01,0,0,0
2016-01-01,2022-08-01,0,0,0
2017-01-01,2022-08-01,0,0,0
2018-01-01,2022-08-01,0,0,0
2019-01-01,2022-08-01,0,0,0
2020-01-01,2022-08-01,0,0,0
2021-01-01,2022-08-01,0,0,0
2022-01-01,2022-08-01,16,4744908,256611953
2023-01-01,2022-08-01,16,4744908,256611953
2024-01-01,2022-08-01,4,4284000,192054682
2015-01-01,2022-09-01,0,0,0
2016-01-01,2022-09-01,0,0,0
2017-01-01,2022-09-01,0,0,0
2018-01-01,2022-09-01,0,0,0
2019-01-01,2022-09-01,0,0,0
2020-01-01,2022-09-01,0,0,0
2021-01-01,2022-09-01,0,0,0
2022-01-01,2022-09-01,24,1181459,378696084
2023-01-01,2022-09-01,24,1181459,378696084
2024-01-01,2022-09-01,5,1127859,208707784
2015-01-01,2022-10-01,0,0,0
2016-01-01,2022-10-01,0,0,0
2017-01-01,2022-10-01,0,0,0
2018-01-01,2022-10-01,0,0,0
2019-01-01,2022-10-01,0,0,0
2020-01-01,2022-10-01,0,0,0
2021-01-01,2022-10-01,0,0,0
2022-01-01,2022-10-01,17,6227308,240384371
2023-01-01,2022-10-01,17,6227308,240384371
2024-01-01,2022-10-01,4,6006636,212985659
2015-01-01,2022-11-01,0,0,0
2016-01-01,2022-11-01,0,0,0
2017-01-01,2022-11-01,0,0,0
2018-01-01,2022-11-01,0,0,0
2019-01-01,2022-11-01,0,0,0
2020-01-01,2022-11-01,0,0,0
2021-01-01,2022-11-01,0,0,0
2022-01-01,2022-11-01,12,1256847,58313574
2023-01-01,2022-11-01,12,1256847,58313574
2024-01-01,2022-11-01,2,1125602,47132335
2015-01-01,2022-12-01,0,0,0
2016-01-01,2022-12-01,0,0,0
2017-01-01,2022-12-01,0,0,0
2018-01-01,2022-12-01,0,0,0
2019-01-01,2022-12-01,0,0,0
2020-01-01,2022-12-01,0,0,0
2021-01-01,2022-12-01,0,0,0
2022-01-01,2022-12-01,14,3138914,207478339
2023-01-01,2022-12-01,14,3138914,207478339
2024-01-01,2022-12-01,6,3106394,206604048
2015-01-01,2023-01-01,0,0,0
2016-01-01,2023-01-01,0,0,0
2017-01-01,2023-01-01,0,0,0
2018-01-01,2023-01-01,0,0,0
2019-01-01,2023-01-01,0,0,0
2020-01-01,2023-01-01,0,0,0
2021-01-01,2023-01-01,0,0,0
2022-01-01,2023-01-01,0,0,0
2023-01-01,2023-01-01,19,1280705,170371247
2024-01-01,2023-01-01,7,1022229,118060748
2015-01-01,2023-02-01,0,0,0
2016-01-01,2023-02-01,0,0,0
2017-01-01,2023-02-01,0,0,0
2018-01-01,2023-02-01,0,0,0
2019-01-01,2023-02-01,0,0,0
2020-01-01,2023-02-01,0,0,0
2021-01-01,2023-02-01,0,0,0
2022-01-01,2023-02-01,0,0,0
2023-01-01,2023-02-01,10,1501300,452103258
2024-01-01,2023-02-01,3,1489342,451736752
2015-01-01,2023-03-01,0,0,0
2016-01-01,2023-03-01,0,0,0
2017-01-01,2023-03-01,0,0,0
2018-01-01,2023-03-01,0,0,0
2019-01-01,2023-03-01,0,0,0
2020-01-01,2023-03-01,0,0,0
2021-01-01,2023-03-01,0,0,0
2022-01-01,2023-03-01,0,0,0
2023-01-01,2023-03-01,15,358081,36698940
2024-01-01,2023-03-01,6,355537,36572280
2015-01-01,2023-04-01,0,0,0
2016-01-01,2023-04-01,0,0,0
2017-01-01,2023-04-01,0,0,0
2018-01-01,2023-04-01,0,0,0
2019-01-01,2023-04-01,0,0,0
2020-01-01,2023-04-01,0,0,0
2021-01-01,2023-04-01,0,0,0
2022-01-01,2023-04-01,0,0,0
2023-01-01,2023-04-01,12,288475,20454030
2024-01-01,2023-04-01,4,53788,1911354
2015-01-01,2023-05-01,0,0,0
2016-01-01,2023-05-01,0,0,0
2017-01-01,2023-05-01,0,0,0
2018-01-01,2023-05-01,0,0,0
2019-01-01,2023-05-01,0,0,0
2020-01-01,2023-05-01,0,0,0
2021-01-01,2023-05-01,0,0,0
2022-01-01,2023-05-01,0,0,0
2023-01-01,2023-05-01,17,479471,65286974
2024-01-01,2023-05-01,8,17042,1139570
2015-01-01,2023-06-01,0,0,0
2016-01-01,2023-06-01,0,0,0
2017-01-01,2023-06-01,0,0,0
2018-01-01,2023-06-01,0,0,0
2019-01-01,2023-06-01,0,0,0
2020-01-01,2023-06-01,0,0,0
2021-01-01,2023-06-01,0,0,0
2022-01-01,2023-06-01,0,0,0
2023-01-01,2023-06-01,14,520091,12883356
2024-01-01,2023-06-01,10,519511,12869113
2015-01-01,2023-07-01,0,0,0
2016-01-01,2023-07-01,0,0,0
2017-01-01,2023-07-01,0,0,0
2018-01-01,2023-07-01,0,0,0
2019-01-01,2023-07-01,0,0,0
2020-01-01,2023-07-01,0,0,0
2021-01-01,2023-07-01,0,0,0
2022-01-01,2023-07-01,0,0,0
2023-01-01,2023-07-01,19,461357,39903969
2024-01-01,2023-07-01,19,461357,39903969
2015-01-01,2023-08-01,0,0,0
2016-01-01,2023-08-01,0,0,0
2017-01-01,2023-08-01,0,0,0
2018-01-01,2023-08-01,0,0,0
2019-01-01,2023-08-01,0,0,0
2020-01-01,2023-08-01,0,0,0
2021-01-01,2023-08-01,0,0,0
2022-01-01,2023-08-01,0,0,0
2023-01-01,2023-08-01,22,1979495,67565873
2024-01-01,2023-08-01,22,1979495,67565873
2015-01-01,2023-09-01,0,0,0
2016-01-01,2023-09-01,0,0,0
2017-01-01,2023-09-01,0,0,0
2018-01-01,2023-09-01,0,0,0
2019-01-01,2023-09-01,0,0,0
2020-01-01,2023-09-01,0,0,0
2021-01-01,2023-09-01,0,0,0
2022-01-01,2023-09-01,0,0,0
2023-01-01,2023-09-01,20,3921401,437141472
2024-01-01,2023-09-01,20,3921401,437141472
2015-01-01,2023-10-01,0,0,0
2016-01-01,2023-10-01,0,0,0
2017-01-01,2023-10-01,0,0,0
2018-01-01,2023-10-01,0,0,0
2019-01-01,2023-10-01,0,0,0
2020-01-01,2023-10-01,0,0,0
2021-01-01,2023-10-01,0,0,0
2022-01-01,2023-10-01,0,0,0
2023-01-01,2023-10-01,19,90231,5419891
2024-01-01,2023-10-01,19,90231,5419891
2015-01-01,2023-11-01,0,0,0
2016-01-01,2023-11-01,0,0,0
2017-01-01,2023-11-01,0,0,0
2018-01-01,2023-11-01,0,0,0
2019-01-01,2023-11-01,0,0,0
2020-01-01,2023-11-01,0,0,0
2021-01-01,2023-11-01,0,0,0
2022-01-01,2023-11-01,0,0,0
2023-01-01,2023-11-01,17,1455312,61141251
2024-01-01,2023-11-01,17,1455312,61141251
2015-01-01,2023-12-01,0,0,0
2016-01-01,2023-12-01,0,0,0
2017-01-01,2023-12-01,0,0,0
2018-01-01,2023-12-01,0,0,0
2019-01-01,2023-12-01,0,0,0
2020-01-01,2023-12-01,0,0,0
2021-01-01,2023-12-01,0,0,0
2022-01-01,2023-12-01,0,0,0
2023-01-01,2023-12-01,23,11435036,364264707
2024-01-01,2023-12-01,23,11435036,364264707
2015-01-01,2024-01-01,0,0,0
2016-01-01,2024-01-01,0,0,0
2017-01-01,2024-01-01,0,0,0
2018-01-01,2024-01-01,0,0,0
2019-01-01,2024-01-01,0,0,0
2020-01-01,2024-01-01,0,0,0
2021-01-01,2024-01-01,0,0,0
2022-01-01,2024-01-01,0,0,0
2023-01-01,2024-01-01,0,0,0
2024-01-01,2024-01-01,23,2569,10135529
2015-01-01,2024-02-01,0,0,0
2016-01-01,2024-02-01,0,0,0
2017-01-01,2024-02-01,0,0,0
2018-01-01,2024-02-01,0,0,0
2019-01-01,2024-02-01,0,0,0
2020-01-01,2024-02-01,0,0,0
2021-01-01,2024-02-01,0,0,0
2022-01-01,2024-02-01,0,0,0
2023-01-01,2024-02-01,0,0,0
2024-01-01,2024-02-01,9,0,2758639
2015-01-01,2024-03-01,0,0,0
2016-01-01,2024-03-01,0,0,0
2017-01-01,2024-03-01,0,0,0
2018-01-01,2024-03-01,0,0,0
2019-01-01,2024-03-01,0,0,0
2020-01-01,2024-03-01,0,0,0
2021-01-01,2024-03-01,0,0,0
2022-01-01,2024-03-01,0,0,0
2023-01-01,2024-03-01,0,0,0
2024-01-01,2024-03-01,9,0,107091896
2015-01-01,2024-04-01,0,0,0
2016-01-01,2024-04-01,0,0,0
2017-01-01,2024-04-01,0,0,0
2018-01-01,2024-04-01,0,0,0
2019-01-01,2024-04-01,0,0,0
2020-01-01,2024-04-01,0,0,0
2021-01-01,2024-04-01,0,0,0
2022-01-01,2024-04-01,0,0,0
2023-01-01,2024-04-01,0,0,0
2024-01-01,2024-04-01,2,0,271740
