ACCOUNTID,CLOSED_YEAR,PRODUCT_LABEL
0015w000024nrISAAY,2021-01-01,1
0015w000024nrISAAY,2022-01-01,2
0015w000024nrISAAY,2023-01-01,1
0015w000024nsY2AAI,2020-01-01,1
0015w000024nsYHAAY,2021-01-01,1
0015w000024nwt9AAA,2020-01-01,1
0015w000024nxLpAAI,2020-01-01,1
0015w000024nxOtAAI,2023-01-01,1
0015w000024o5MRAAY,2020-01-01,1
0015w000024o5MRAAY,2021-01-01,1
0015w000024o85bAAA,2023-01-01,1
0015w000024o8zZAAQ,2021-01-01,1
0015w000024oXADAA2,2020-01-01,1
0015w000026s3n8AAA,2021-01-01,2
0015w000026s3n8AAA,2023-01-01,1
0015w000026sBpzAAE,2020-01-01,1
0015w000026sHrzAAE,2020-01-01,1
0015w000026sPrgAAE,2020-01-01,1
0015w000026sPrgAAE,2021-01-01,1
0015w000026sSCFAA2,2021-01-01,1
0015w000026sSCFAA2,2022-01-01,3
0015w000026sTo5AAE,2021-01-01,1
0015w000026sTo5AAE,2022-01-01,1
0015w000026sTo5AAE,2023-01-01,1
0015w000026sTo5AAE,2024-01-01,1
0015w000026sZvBAAU,2023-01-01,1
0015w000026shVtAAI,2020-01-01,1
0015w000026shVtAAI,2021-01-01,1
0015w000026tACvAAM,2022-01-01,1
0015w000026tACvAAM,2023-01-01,2
0015w000026tBvRAAU,2022-01-01,1
0015w000026v3ZEAAY,2021-01-01,1
0015w000026vnZUAAY,2021-01-01,1
0015w00002BHACkAAP,2020-01-01,1
0015w00002BHACkAAP,2021-01-01,2
0015w00002BHACkAAP,2022-01-01,1
0015w00002BHACkAAP,2023-01-01,3
0015w00002BHACkAAP,2024-01-01,1
0015w00002BVZDMAA5,2021-01-01,3
0015w00002BVZDMAA5,2022-01-01,5
0015w00002BVZDMAA5,2023-01-01,3
0015w00002BVZDMAA5,2024-01-01,2
0015w00002BVaXUAA1,2020-01-01,1
0015w00002BWGAVAA5,2023-01-01,1
0015w00002Cung5AAB,2024-01-01,2
0015w00002CvJRlAAN,2023-01-01,1
0015w00002CwA2IAAV,2020-01-01,1
0015w00002EvMSTAA3,2022-01-01,2
0015w00002EwEv4AAF,2020-01-01,1
0015w00002ExK1BAAV,2020-01-01,1
0015w00002Gw4pmAAB,2022-01-01,1
0015w00002GxVJUAA3,2020-01-01,1
0015w00002GxVJUAA3,2021-01-01,1
0015w00002GxhyGAAR,2020-01-01,1
0015w00002IZO95AAH,2021-01-01,1
0015w00002IZdkFAAT,2021-01-01,2
0015w00002IZdkFAAT,2022-01-01,3
0015w00002IZdkFAAT,2024-01-01,1
0015w00002KgdglAAB,2021-01-01,1
0015w00002KgdglAAB,2022-01-01,1
0015w00002KgdglAAB,2023-01-01,1
0015w00002KhlasAAB,2021-01-01,1
0015w00002KhlasAAB,2022-01-01,1
0015w00002KhnAqAAJ,2020-01-01,1
0015w00002KhnAqAAJ,2021-01-01,1
0015w00002KhnAqAAJ,2022-01-01,2
0015w00002KhnAqAAJ,2023-01-01,1
0015w00002KiFgtAAF,2020-01-01,1
0015w00002KiFgtAAF,2021-01-01,2
0015w00002KiFgtAAF,2023-01-01,3
0015w00002KiwgqAAB,2022-01-01,3
0015w00002KjNA0AAN,2020-01-01,1
0015w00002KjNA0AAN,2022-01-01,1
0015w00002KjNA0AAN,2023-01-01,4
0015w00002KjNA0AAN,2024-01-01,4
0015w00002N3DCpAAN,2020-01-01,1
0015w00002N3X1rAAF,2021-01-01,1
0015w00002N3jrXAAR,2021-01-01,1
0015w00002N3jrXAAR,2022-01-01,2
0015w00002N3qUvAAJ,2022-01-01,1
0015w00002N4OO4AAN,2021-01-01,5
0015w00002N4OO4AAN,2022-01-01,4
0015w00002P0nteAAB,2021-01-01,2
0015w00002P0nteAAB,2022-01-01,2
0015w00002P0nteAAB,2023-01-01,1
0015w00002P0nteAAB,2024-01-01,1
0015w00002P0u60AAB,2021-01-01,3
0015w00002P0u60AAB,2022-01-01,1
0015w00002P0u60AAB,2023-01-01,2
0015w00002P1a5CAAR,2021-01-01,1
0015w00002P1gYoAAJ,2022-01-01,1
0015w00002P1gYoAAJ,2023-01-01,2
0015w00002PhpkCAAR,2021-01-01,2
0015w00002Pi6BlAAJ,2021-01-01,3
0015w00002Pi6BlAAJ,2022-01-01,1
0015w00002PikUqAAJ,2022-01-01,2
0015w00002PikUqAAJ,2023-01-01,2
0015w00002PjYrpAAF,2021-01-01,2
0015w00002PkU1KAAV,2021-01-01,1
0015w00002QIFhXAAX,2022-01-01,4
0015w00002QJGGEAA5,2022-01-01,1
0015w00002QJYwcAAH,2021-01-01,1
0015w00002QJYwcAAH,2022-01-01,1
0015w00002QJYwcAAH,2023-01-01,1
0015w00002QJlKeAAL,2021-01-01,1
0015w00002QJlKeAAL,2022-01-01,1
0015w00002QJlKeAAL,2023-01-01,1
0015w00002QKOI5AAP,2021-01-01,1
0015w00002QKOI5AAP,2022-01-01,1
0015w00002RfCkeAAF,2024-01-01,2
0015w00002RfDJ7AAN,2021-01-01,2
0015w00002RfDJ7AAN,2022-01-01,2
0015w00002RfJURAA3,2021-01-01,1
0015w00002RfJURAA3,2023-01-01,1
0015w00002RfRQtAAN,2023-01-01,1
0015w00002RfZBWAA3,2022-01-01,1
0015w00002RfZBWAA3,2023-01-01,1
0015w00002RfZBnAAN,2021-01-01,1
0015w00002RfZBnAAN,2022-01-01,1
0015w00002RfZCKAA3,2022-01-01,2
0015w00002RfZCMAA3,2021-01-01,1
0015w00002RfZCpAAN,2022-01-01,1
0015w00002RfZCtAAN,2022-01-01,1
0015w00002RfZSzAAN,2022-01-01,1
0015w00002RfZUEAA3,2023-01-01,1
0015w00002RfZV5AAN,2023-01-01,3
0015w00002Rgj2EAAR,2021-01-01,1
0015w00002RiFMUAA3,2023-01-01,1
0015w00002SfFO3AAN,2021-01-01,1
0015w00002SfFO3AAN,2022-01-01,1
0015w00002SfFO3AAN,2023-01-01,1
0015w00002SfFO3AAN,2024-01-01,2
0015w00002Sflt2AAB,2021-01-01,1
0015w00002SfmYXAAZ,2021-01-01,1
0015w00002SgP97AAF,2021-01-01,2
0015w00002SgP97AAF,2022-01-01,1
0015w00002SgPEaAAN,2023-01-01,1
0015w00002SgPEaAAN,2024-01-01,1
0015w00002ShPMhAAN,2021-01-01,4
0015w00002ShPMhAAN,2022-01-01,2
0015w00002SiApCAAV,2021-01-01,1
0015w00002SiApCAAV,2022-01-01,1
0015w00002SiQe1AAF,2021-01-01,3
0015w00002SiQe1AAF,2022-01-01,2
0015w00002SiiSOAAZ,2021-01-01,1
0015w00002Sip1aAAB,2021-01-01,2
0015w00002Sip1aAAB,2022-01-01,2
0015w00002Sip1aAAB,2023-01-01,1
0015w00002URLhVAAX,2021-01-01,1
0015w00002USZqVAAX,2022-01-01,3
0015w00002USZqVAAX,2023-01-01,4
0015w00002USk7bAAD,2021-01-01,2
0015w00002USk7bAAD,2022-01-01,1
0015w00002USk7gAAD,2021-01-01,1
0015w00002UT8LeAAL,2021-01-01,1
0015w00002UT8LeAAL,2022-01-01,3
0015w00002UT8LeAAL,2023-01-01,1
0015w00002UTpfYAAT,2020-01-01,1
0015w00002UTpfYAAT,2021-01-01,1
0015w00002UUAJUAA5,2021-01-01,1
0015w00002UUChyAAH,2021-01-01,3
0015w00002UUChyAAH,2022-01-01,3
0015w00002UUChyAAH,2023-01-01,1
0015w00002UUHn0AAH,2021-01-01,1
0015w00002UUHn0AAH,2022-01-01,1
0015w00002UUICQAA5,2022-01-01,2
0015w00002UUICQAA5,2023-01-01,1
0015w00002Wzrj7AAB,2022-01-01,2
0015w00002X05zpAAB,2021-01-01,1
0015w00002X05zpAAB,2022-01-01,3
0015w00002X0HhsAAF,2021-01-01,1
0015w00002X0Ml6AAF,2021-01-01,1
0015w00002X0Ml6AAF,2022-01-01,3
0015w00002X0NTnAAN,2023-01-01,1
0015w00002X0NobAAF,2021-01-01,2
0015w00002X0NobAAF,2022-01-01,3
0015w00002X0ca1AAB,2021-01-01,2
0015w00002X0lu6AAB,2023-01-01,2
0015w00002X0zaxAAB,2021-01-01,2
0015w00002X0zaxAAB,2022-01-01,1
0015w00002X0zaxAAB,2023-01-01,1
0015w00002X1BabAAF,2021-01-01,1
0015w00002X1P2nAAF,2021-01-01,2
0015w00002X1P2nAAF,2022-01-01,1
0015w00002X1VFAAA3,2021-01-01,1
0015w00002X1VFAAA3,2023-01-01,3
0015w00002X1VFAAA3,2024-01-01,1
0015w00002X1VgcAAF,2021-01-01,2
0015w00002X1W2nAAF,2021-01-01,1
0015w00002X1W2nAAF,2022-01-01,1
0015w00002X1WIbAAN,2022-01-01,1
0015w00002X1ZOxAAN,2021-01-01,2
0015w00002X1Zx8AAF,2021-01-01,2
0015w00002X1Zx8AAF,2023-01-01,1
0015w00002X1aFEAAZ,2021-01-01,1
0015w00002X2YUrAAN,2021-01-01,1
0015w00002X2hqIAAR,2021-01-01,1
0015w00002X2hqIAAR,2022-01-01,1
0015w00002X2hqIAAR,2023-01-01,1
0015w00002X2iwOAAR,2021-01-01,1
0015w00002X3Pr6AAF,2021-01-01,2
0015w00002X3Pr6AAF,2022-01-01,1
0015w00002X3YtnAAF,2021-01-01,2
0015w00002X3YtnAAF,2022-01-01,1
0015w00002X3fa4AAB,2023-01-01,3
0015w00002YxPqpAAF,2022-01-01,1
0015w00002YxpPxAAJ,2021-01-01,1
0015w00002Yy553AAB,2021-01-01,2
0015w00002YyVhVAAV,2023-01-01,1
0015w00002YyuQZAAZ,2021-01-01,2
0015w00002YyuQZAAZ,2022-01-01,3
0015w00002Yz0ezAAB,2021-01-01,2
0015w00002Yz0ezAAB,2022-01-01,3
0015w00002Yz12nAAB,2021-01-01,1
0015w00002Yz4v9AAB,2021-01-01,2
0015w00002YznASAAZ,2021-01-01,1
0015w00002YzqIKAAZ,2021-01-01,2
0015w00002YzqIKAAZ,2022-01-01,1
0015w00002YzqIKAAZ,2023-01-01,3
0015w00002YzqIKAAZ,2024-01-01,1
0015w00002aS1JTAA0,2021-01-01,1
0015w00002aS1JTAA0,2022-01-01,2
0015w00002aS392AAC,2022-01-01,1
0015w00002aS3NeAAK,2022-01-01,1
0015w00002aS3NeAAK,2023-01-01,3
0015w00002aSKokAAG,2023-01-01,2
0015w00002aSKokAAG,2024-01-01,1
0015w00002aSSsSAAW,2021-01-01,3
0015w00002aSSsSAAW,2022-01-01,2
0015w00002aSlQBAA0,2023-01-01,1
0015w00002aT7hwAAC,2021-01-01,1
0015w00002aUqYXAA0,2021-01-01,1
0015w00002aUqYXAA0,2022-01-01,1
0015w00002aUx6sAAC,2021-01-01,1
0015w00002aUx6sAAC,2022-01-01,1
0015w00002aVEFwAAO,2022-01-01,3
0015w00002aVEFwAAO,2023-01-01,2
0015w00002aVEFwAAO,2024-01-01,1
0015w00002aVUm9AAG,2022-01-01,1
0015w00002brjJDAAY,2022-01-01,3
0015w00002brjhhAAA,2021-01-01,2
0015w00002brjhhAAA,2022-01-01,3
0016Q00001WWSmEQAX,2021-01-01,2
0016Q00001WWUWKQA5,2021-01-01,1
0016Q00001WWUWKQA5,2022-01-01,1
0016Q00001WWbsQQAT,2023-01-01,2
0016Q00001WWkdNQAT,2023-01-01,2
0016Q00001Y9WQDQA3,2021-01-01,2
0016Q00001Y9WQDQA3,2022-01-01,1
0016Q00001Y9bIpQAJ,2021-01-01,1
0016Q00001Y9bIpQAJ,2022-01-01,1
0016Q00001Y9bIpQAJ,2023-01-01,1
0016Q00001Y9dMFQAZ,2021-01-01,2
0016Q00001Y9dMFQAZ,2022-01-01,1
0016Q00001Y9sQQQAZ,2021-01-01,2
0016Q00001Y9sQQQAZ,2022-01-01,2
0016Q00001YA6ATQA1,2022-01-01,1
0016Q00001YA8BUQA1,2023-01-01,1
0016Q00001YATuVQAX,2022-01-01,1
0016Q00001YATuVQAX,2023-01-01,1
0016Q00001YAdJUQA1,2021-01-01,1
0016Q00001YAdJUQA1,2022-01-01,1
0016Q00001YAdJUQA1,2023-01-01,2
0016Q00001YAf03QAD,2022-01-01,1
0016Q00001YAf03QAD,2023-01-01,1
0016Q00001YAge4QAD,2023-01-01,1
0016Q00001YAge4QAD,2024-01-01,2
0016Q00001YAhXXQA1,2022-01-01,1
0016Q00001YAhXXQA1,2023-01-01,1
0016Q00001YAp5MQAT,2023-01-01,1
0016Q00001YApEjQAL,2022-01-01,2
0016Q00001YAwWYQA1,2021-01-01,1
0016Q00001YBCzTQAX,2022-01-01,1
0016Q00001YBTM8QAP,2022-01-01,4
0016Q00001YBTM8QAP,2023-01-01,2
0016Q00001YBTM8QAP,2024-01-01,1
0016Q00001YBZJtQAP,2022-01-01,3
0016Q00001YBe6MQAT,2022-01-01,5
0016Q00001YBe6MQAT,2023-01-01,2
0016Q00001YBe6MQAT,2024-01-01,2
0016Q00001YBewNQAT,2023-01-01,2
0016Q00001YBf18QAD,2022-01-01,1
0016Q00001YBf4MQAT,2022-01-01,1
0016Q00001YBhSNQA1,2022-01-01,2
0016Q00001YC0aFQAT,2022-01-01,5
0016Q00001YC0aFQAT,2023-01-01,1
0016Q00001YC1qhQAD,2022-01-01,5
0016Q00001YCAAUQA5,2024-01-01,4
0016Q00001YCI6zQAH,2022-01-01,5
0016Q00001YCI6zQAH,2023-01-01,4
0016Q00001YCOW8QAP,2023-01-01,4
0016Q00001YCOW8QAP,2024-01-01,3
0016Q00001YCWkAQAX,2022-01-01,2
0016Q00001YCXWiQAP,2022-01-01,2
0016Q00001YCo0FQAT,2022-01-01,3
0016Q00001YCo0FQAT,2023-01-01,1
0016Q00001YCo0FQAT,2024-01-01,1
0016Q00001YComOQAT,2023-01-01,1
0016Q00001YCwoTQAT,2022-01-01,1
0016Q00001YCzXnQAL,2022-01-01,2
0016Q00001YDB9eQAH,2022-01-01,1
0016Q00001YDFGJQA5,2022-01-01,2
0016Q00001YDP4NQAX,2022-01-01,2
0016Q00001YDX7KQAX,2023-01-01,1
0016Q00001YDX7KQAX,2024-01-01,2
0016Q00001YDXbAQAX,2022-01-01,1
0016Q00001YDXbZQAX,2022-01-01,2
0016Q00001aBTG5QAO,2022-01-01,1
0016Q00001aBbZsQAK,2023-01-01,1
0016Q00001aBkLWQA0,2022-01-01,2
0016Q00001aBn6GQAS,2022-01-01,1
0016Q00001aC7b3QAC,2022-01-01,3
0016Q00001aC7b3QAC,2023-01-01,1
0016Q00001aCIpKQAW,2022-01-01,2
0016Q00001aCSGjQAO,2022-01-01,3
0016Q00001aCSGjQAO,2023-01-01,2
0016Q00001aCSGjQAO,2024-01-01,1
0016Q00001aCSNMQA4,2023-01-01,4
0016Q00001aCSNMQA4,2024-01-01,1
0016Q00001aCUdmQAG,2022-01-01,3
0016Q00001aCcJLQA0,2022-01-01,4
0016Q00001aCcJLQA0,2023-01-01,1
0016Q00001aCcrmQAC,2022-01-01,2
0016Q00001aCf56QAC,2022-01-01,2
0016Q00001aCf56QAC,2023-01-01,2
0016Q00001aClL6QAK,2022-01-01,1
0016Q00001aClL6QAK,2023-01-01,1
0016Q00001aCmwJQAS,2022-01-01,2
0016Q00001aCuiXQAS,2022-01-01,1
0016Q00001aD0JgQAK,2022-01-01,1
0016Q00001aD1hoQAC,2022-01-01,2
0016Q00001aD2evQAC,2022-01-01,1
0016Q00001aD8T7QAK,2022-01-01,1
0016Q00001aD947QAC,2022-01-01,1
0016Q00001aD947QAC,2023-01-01,1
0016Q00001aDFxKQAW,2022-01-01,1
0016Q00001aDSGSQA4,2022-01-01,2
0016Q00001aDXXKQA4,2022-01-01,1
0016Q00001aDYC0QAO,2022-01-01,1
0016Q00001aDYC0QAO,2023-01-01,3
0016Q00001aDYC0QAO,2024-01-01,2
0016Q00001aDv2rQAC,2022-01-01,4
0016Q00001aDv2rQAC,2023-01-01,1
0016Q00001aDyOkQAK,2022-01-01,2
0016Q00001aEZ19QAG,2022-01-01,1
0016Q00001aEjYcQAK,2022-01-01,1
0016Q00001aEviVQAS,2024-01-01,4
0016Q00001aEzP4QAK,2022-01-01,2
0016Q00001aF2LiQAK,2019-01-01,1
0016Q00001aFNoMQAW,2022-01-01,3
0016Q00001aFNoMQAW,2023-01-01,1
0016Q00001bk8A5QAI,2022-01-01,1
0016Q00001bkJI6QAM,2022-01-01,1
0016Q00001bkJI6QAM,2023-01-01,2
0016Q00001bkVHfQAM,2022-01-01,1
0016Q00001bkXs2QAE,2022-01-01,2
0016Q00001bkXs2QAE,2023-01-01,1
0016Q00001bkgA5QAI,2022-01-01,2
0016Q00001bkqu7QAA,2022-01-01,2
0016Q00001bkqu7QAA,2023-01-01,2
0016Q00001bkrodQAA,2022-01-01,2
0016Q00001bkrodQAA,2023-01-01,1
0016Q00001bl9voQAA,2023-01-01,2
0016Q00001blGqbQAE,2023-01-01,2
0016Q00001blH2mQAE,2022-01-01,2
0016Q00001blH2mQAE,2023-01-01,4
0016Q00001blTI0QAM,2022-01-01,2
0016Q00001blWZGQA2,2022-01-01,3
0016Q00001blWZGQA2,2023-01-01,4
0016Q00001blWZGQA2,2024-01-01,1
0016Q00001blzpTQAQ,2022-01-01,1
0016Q00001blzpTQAQ,2023-01-01,1
0016Q00001bmMm7QAE,2022-01-01,2
0016Q00001bmMm7QAE,2023-01-01,4
0016Q00001bmMm7QAE,2024-01-01,2
0016Q00001bmRZvQAM,2022-01-01,2
0016Q00001bmSNhQAM,2022-01-01,1
0016Q00001bmSNhQAM,2023-01-01,2
0016Q00001bmSheQAE,2022-01-01,1
0016Q00001bmSheQAE,2023-01-01,1
0016Q00001bmSkFQAU,2022-01-01,2
0016Q00001bnDvVQAU,2022-01-01,2
0016Q00001bnDvVQAU,2023-01-01,3
0016Q00001bndcMQAQ,2023-01-01,2
0016Q00001bnetdQAA,2022-01-01,1
0016Q00001bnetdQAA,2023-01-01,1
0016Q00001cjfmPQAQ,2022-01-01,2
0016Q00001ckDYHQA2,2022-01-01,3
0016Q00001ckDYHQA2,2023-01-01,1
0016Q00001ckKALQA2,2022-01-01,1
0016Q00001ckKRvQAM,2022-01-01,1
0016Q00001ckKRvQAM,2023-01-01,2
0016Q00001cpKnzQAE,2022-01-01,1
0016Q00001cpbnLQAQ,2023-01-01,1
0016Q00001cpiESQAY,2022-01-01,1
0016Q00001cpvG9QAI,2021-01-01,1
0016Q00001cpvG9QAI,2022-01-01,1
0016Q00001cpzYOQAY,2022-01-01,2
0016Q00001cpzYOQAY,2023-01-01,1
0016Q00001cqI0nQAE,2022-01-01,1
0016Q00001cqI0nQAE,2023-01-01,1
0016Q00001cqbUvQAI,2023-01-01,2
0016Q00001crcwoQAA,2022-01-01,2
0016Q00001crcwoQAA,2023-01-01,1
0016Q00001cre3jQAA,2022-01-01,2
0016Q00001cre3jQAA,2023-01-01,1
0016Q00001crnzEQAQ,2023-01-01,2
0016Q00001cru9GQAQ,2022-01-01,4
0016Q00001cru9HQAQ,2022-01-01,2
0016Q00001csO7iQAE,2022-01-01,1
0016Q00001cspBbQAI,2022-01-01,2
0016Q00001cspBbQAI,2023-01-01,1
0016Q00001csztdQAA,2022-01-01,2
0016Q00001dPqnMQAS,2022-01-01,2
0016Q00001dPvWpQAK,2023-01-01,3
0016Q00001dPvWpQAK,2024-01-01,2
0016Q00001dPxhlQAC,2022-01-01,3
0016Q00001dPxhlQAC,2023-01-01,1
0016Q00001dQ3TWQA0,2023-01-01,1
0016Q00001dQNOgQAO,2023-01-01,1
0016Q00001dQUAyQAO,2022-01-01,2
0016Q00001dQUqLQAW,2022-01-01,1
0016Q00001dQUqLQAW,2023-01-01,1
0016Q00001e71MUQAY,2022-01-01,3
0016Q00001e71MUQAY,2023-01-01,1
0016Q00001e7HCYQA2,2022-01-01,2
0016Q00001e7HCYQA2,2023-01-01,2
0016Q00001e7yg3QAA,2022-01-01,1
0016Q00001hUbAiQAK,2022-01-01,2
0016Q00001hUbAiQAK,2023-01-01,3
0016Q00001hUfpVQAS,2022-01-01,1
0016Q00001hUfpVQAS,2023-01-01,2
0016Q00001hUh00QAC,2022-01-01,2
0016Q00001hUh00QAC,2023-01-01,1
0016Q00001hUmysQAC,2022-01-01,2
0016Q00001hUnIiQAK,2022-01-01,2
0016Q00001hUnIiQAK,2023-01-01,2
0016Q00001hUyvGQAS,2022-01-01,1
0016Q00001i6pWBQAY,2022-01-01,2
0016Q00001i6pX4QAI,2022-01-01,1
0016Q00001i6pX4QAI,2023-01-01,1
0016Q00001i74ydQAA,2021-01-01,1
0016Q00001i74ydQAA,2022-01-01,1
0016Q00001i74ydQAA,2023-01-01,1
0016Q00001i8wIwQAI,2022-01-01,2
0016Q00001i8wIwQAI,2023-01-01,1
0016Q00001iAM5zQAG,2022-01-01,2
0016Q00001iAOcvQAG,2023-01-01,1
0016Q00001imVelQAE,2022-01-01,1
0016Q00001imbs4QAA,2022-01-01,2
0016Q00001imiMWQAY,2023-01-01,4
0016Q00001imiMWQAY,2024-01-01,2
0016Q00001imsFnQAI,2023-01-01,1
0016Q00001imsFnQAI,2024-01-01,1
0016Q00001insgSQAQ,2022-01-01,1
0016Q00001insgSQAQ,2023-01-01,1
0016Q00001inslQQAQ,2024-01-01,1
0016Q00001io5f3QAA,2022-01-01,2
0016Q00001io5f3QAA,2023-01-01,1
0016Q00001io7g0QAA,2022-01-01,1
0016Q00001iom6LQAQ,2023-01-01,2
0016Q00001ipQquQAE,2022-01-01,3
0016Q00001ipQquQAE,2023-01-01,1
0016Q00001ipR77QAE,2022-01-01,1
0016Q00001ipR77QAE,2023-01-01,1
0016Q00001ipWXYQA2,2022-01-01,2
0016Q00001ipWXYQA2,2023-01-01,1
0016Q00001ipXdxQAE,2022-01-01,3
0016Q00001ipXdxQAE,2023-01-01,2
0016Q00001ipdiaQAA,2023-01-01,4
0016Q00001ipdiaQAA,2024-01-01,2
0016Q00001ipdifQAA,2022-01-01,1
0016Q00001ipdifQAA,2023-01-01,1
0016Q00001ipdifQAA,2024-01-01,3
0016Q00001iqAdDQAU,2023-01-01,2
0016Q00001iqI7tQAE,2022-01-01,1
0016Q00001iqI7tQAE,2023-01-01,5
0016Q00001iqPzqQAE,2022-01-01,2
0016Q00001iqPzqQAE,2023-01-01,1
0016Q00001iqRTlQAM,2022-01-01,2
0016Q00001iqRTlQAM,2023-01-01,1
0016Q00001iqRTlQAM,2024-01-01,1
0016Q00001lUebkQAC,2022-01-01,2
0016Q00001lUebkQAC,2023-01-01,1
0016Q00001lVZGBQA4,2023-01-01,2
0016Q00001lW9csQAC,2023-01-01,2
0016Q00001lW9csQAC,2024-01-01,1
0016Q00001lWFvKQAW,2023-01-01,3
0016Q00001lWK7OQAW,2023-01-01,1
0016Q00001lXIaiQAG,2023-01-01,4
0016Q00001lXlpRQAS,2023-01-01,1
0016Q00001nFDeBQAW,2023-01-01,1
0016Q00001nFDeBQAW,2024-01-01,1
0016Q00001nFDu9QAG,2023-01-01,2
0016Q00001nG3BQQA0,2023-01-01,2
0016Q00001nGLMrQAO,2023-01-01,3
0016Q00001nGZiyQAG,2023-01-01,2
0016Q00001nHEY9QAO,2024-01-01,2
0016Q00001nI6GrQAK,2023-01-01,2
0016Q00001nIQuxQAG,2023-01-01,1
0016Q00001nIZWEQA4,2023-01-01,2
0016Q00001oX78lQAC,2023-01-01,2
0016Q00001oX78lQAC,2024-01-01,2
0016Q00001oX9BoQAK,2021-01-01,1
0016Q00001oX9BoQAK,2023-01-01,3
0016Q00001oX9BoQAK,2024-01-01,3
0016Q00001oXVzcQAG,2023-01-01,2
0016Q00001oXqKjQAK,2023-01-01,2
0016Q00001oXy94QAC,2023-01-01,1
0016Q00001oYOJXQA4,2023-01-01,2
0016Q00001oYj0dQAC,2023-01-01,1
0016Q00001oaKDfQAM,2023-01-01,1
0016Q00001oaKc6QAE,2023-01-01,2
0016Q00001oaKc6QAE,2024-01-01,1
0016Q00001oaMLMQA2,2023-01-01,2
0016Q00001oac0sQAA,2023-01-01,1
0016Q00001ou8XeQAI,2023-01-01,4
0016Q00001ov1rRQAQ,2023-01-01,2
0016Q00001ov2rwQAA,2023-01-01,4
0016Q00001ov2rwQAA,2024-01-01,2
0016Q00001ovN8uQAE,2023-01-01,2
0016Q00001ovROlQAM,2023-01-01,3
0016Q00001ovROlQAM,2024-01-01,1
0016Q00001ovSZ0QAM,2023-01-01,1
0016Q00001ow17FQAQ,2023-01-01,2
0016Q00001ow1EGQAY,2023-01-01,2
0016Q00001qlO13QAE,2023-01-01,2
0016Q00001qleDYQAY,2023-01-01,1
0016Q00001qleyFQAQ,2023-01-01,1
0016Q00001qltwVQAQ,2023-01-01,2
0016Q00001qluVkQAI,2023-01-01,2
0016Q00001qlulOQAQ,2023-01-01,3
0016Q00001qmTduQAE,2023-01-01,2
0016Q00001qmqtiQAA,2023-01-01,2
0016Q00001qofXtQAI,2023-01-01,3
0016Q00001qp1fBQAQ,2023-01-01,1
0016Q00001sDVu2QAG,2023-01-01,2
0016Q00001sDfX3QAK,2023-01-01,1
0016Q00001sDj21QAC,2023-01-01,5
0016Q00001sDj21QAC,2024-01-01,2
0016Q00001ss0ZkQAI,2023-01-01,2
0016Q00001ssFscQAE,2023-01-01,2
0016Q00001ssLpZQAU,2023-01-01,1
0016Q00001ssU9RQAU,2023-01-01,2
0016Q00001ssZEDQA2,2023-01-01,3
0016Q00001ssZEDQA2,2024-01-01,2
0016Q00001ssookQAA,2023-01-01,2
0016Q00001ssookQAA,2024-01-01,1
0016Q00001stAOzQAM,2023-01-01,1
0016Q00001stRivQAE,2023-01-01,4
0016Q00001suC4LQAU,2023-01-01,2
0016Q00001sugrwQAA,2023-01-01,2
0016Q00001suhGvQAI,2023-01-01,1
0016Q00001suha9QAA,2023-01-01,3
0016Q00001suhyTQAQ,2023-01-01,1
0016Q00001suiF9QAI,2024-01-01,1
0016Q00001suixKQAQ,2023-01-01,1
0016Q00001sun8DQAQ,2023-01-01,3
0016Q00001sun8DQAQ,2024-01-01,1
0016Q00001sv4KGQAY,2023-01-01,3
0016Q00001sv4KGQAY,2024-01-01,2
0016Q00001svKKWQA2,2023-01-01,1
0016Q00001vR12sQAC,2023-01-01,2
0016Q00001vR2tiQAC,2023-01-01,2
0016Q00001vR2tiQAC,2024-01-01,1
0016Q00001vR5Z7QAK,2023-01-01,3
0016Q00001vR5Z7QAK,2024-01-01,1
0016Q00001vRBEfQAO,2023-01-01,1
0016Q00001vRimiQAC,2023-01-01,1
0016Q00001vRimiQAC,2024-01-01,1
0016Q00001vRoFPQA0,2023-01-01,2
0016Q00001vRx3HQAS,2023-01-01,2
0016Q00001vS1IGQA0,2023-01-01,2
0016Q00001vSRe4QAG,2023-01-01,2
0016Q00001vSRe4QAG,2024-01-01,1
0016Q00001vSqdnQAC,2023-01-01,4
0016Q00001vSqdnQAC,2024-01-01,2
0016Q00001vSsZJQA0,2023-01-01,2
0016Q00001vSudzQAC,2023-01-01,1
0016Q00001vSw2sQAC,2023-01-01,1
0016Q00001vT2nWQAS,2023-01-01,1
0016Q00001vT2nWQAS,2024-01-01,1
0016Q00001vT5gMQAS,2023-01-01,2
0016Q00001vT6qhQAC,2023-01-01,1
0016Q00001vT6qhQAC,2024-01-01,2
0016Q00001vTfn6QAC,2023-01-01,2
0016Q00001vU4LJQA0,2023-01-01,2
0016Q00001vUyfKQAS,2023-01-01,1
0016Q00001vV3aeQAC,2023-01-01,2
0016Q00001vV4IYQA0,2023-01-01,1
0016Q00001xWz2uQAC,2023-01-01,2
0016Q00001xWzb6QAC,2023-01-01,2
0016Q00001xXCMxQAO,2023-01-01,2
0016Q00001xY0FEQA0,2024-01-01,1
0016Q00001xYCKeQAO,2023-01-01,2
0016Q00001xYF01QAG,2023-01-01,2
0016Q00001xYZtaQAG,2023-01-01,1
0016Q00001xZDlEQAW,2024-01-01,1
0016Q00001xZQkNQAW,2023-01-01,1
0016Q00001xZbYUQA0,2023-01-01,1
0016Q00001xZqlGQAS,2023-01-01,3
0016Q00001xaRZcQAM,2023-01-01,1
0016Q00001xaiagQAA,2023-01-01,1
0016Q00001xaicNQAQ,2023-01-01,1
0016Q00001xatQ1QAI,2023-01-01,3
0016Q00001xatjFQAQ,2023-01-01,2
0016Q00001xatjFQAQ,2024-01-01,1
0016Q00001xauVYQAY,2023-01-01,1
0016Q00001xauVYQAY,2024-01-01,2
0016Q00001xaynCQAQ,2023-01-01,4
0016Q00001xaynCQAQ,2024-01-01,1
0016Q00001zDruIQAS,2024-01-01,1
0016Q00001zDsCSQA0,2023-01-01,2
0016Q00001zDsCSQA0,2024-01-01,1
0016Q00001zE3XGQA0,2023-01-01,3
0016Q00001zE3XGQA0,2024-01-01,1
0016Q00001zE3sUQAS,2023-01-01,1
0016Q00001zEA1nQAG,2024-01-01,1
0016Q00001zEGRsQAO,2023-01-01,3
0016Q00001zEHwcQAG,2023-01-01,2
0016Q00001zEHwcQAG,2024-01-01,1
0016Q00001zEnc9QAC,2023-01-01,2
0016Q00001zF8nHQAS,2023-01-01,2
0016Q00001zF8nHQAS,2024-01-01,1
0016Q000020fILqQAM,2024-01-01,2
0016Q000020fPxcQAE,2023-01-01,2
0016Q000020fPxcQAE,2024-01-01,2
0016Q000020fRNUQA2,2023-01-01,2
0016Q000020fRNUQA2,2024-01-01,1
001VP000000PUNuYAO,2023-01-01,2
001VP000000RSYpYAO,2024-01-01,1
001VP000000juseYAA,2023-01-01,3
001VP000000juseYAA,2024-01-01,2
001VP000000y2F5YAI,2023-01-01,2
001VP000001HditYAC,2023-01-01,1
001VP000001dlRfYAI,2023-01-01,2
001VP000001dlRfYAI,2024-01-01,2
001VP000001hVjFYAU,2023-01-01,2
001VP000001oyIGYAY,2023-01-01,2
001VP000001oyIGYAY,2024-01-01,1
001VP0000024RIDYA2,2024-01-01,1
001VP000002BSxWYAW,2023-01-01,2
001VP000002JqEgYAK,2024-01-01,1
001VP000002KPifYAG,2023-01-01,1
001VP000002UqRRYA0,2023-01-01,3
001VP000002bPeDYAU,2023-01-01,2
001VP000002bPeDYAU,2024-01-01,1
001VP000002gW2MYAU,2023-01-01,2
001VP000002gW2MYAU,2024-01-01,2
001VP000002qMcoYAE,2024-01-01,2
001VP000003FoxGYAS,2023-01-01,1
001VP000003UWX3YAO,2023-01-01,1
001VP000003ZQVpYAO,2024-01-01,2
001VP000003iLVGYA2,2024-01-01,1
001VP0000040Y96YAE,2024-01-01,4
001VP000004L47xYAC,2024-01-01,2
001VP000004ao8sYAA,2023-01-01,1
001VP000004ao8sYAA,2024-01-01,2
001VP000005076hYAA,2024-01-01,2
001VP0000053ZKvYAM,2024-01-01,1
001VP000005JD6mYAG,2024-01-01,1
001VP000005aZSbYAM,2024-01-01,2
001VP000005yH1VYAU,2024-01-01,3
001VP0000060AaDYAU,2024-01-01,1
001VP000006UnB9YAK,2024-01-01,3
001VP000006VclVYAS,2024-01-01,1
001VP000006sECGYA2,2024-01-01,3
001VP000007DZ2PYAW,2024-01-01,1
001VP000007EzyvYAC,2024-01-01,3
001VP000007b0rSYAQ,2024-01-01,1
001VP0000083l95YAA,2024-01-01,3
001VP000008XkFaYAK,2024-01-01,3
001VP00000900UHYAY,2024-01-01,1
001VP0000090grjYAA,2024-01-01,1
001f200001cwg7KAAQ,2021-01-01,1
001f200001cwg8lAAA,2020-01-01,1
001f200001cwg8lAAA,2023-01-01,1
001f200001cwg8lAAA,2024-01-01,2
001f200001cwg9NAAQ,2022-01-01,2
001f200001cwgA9AAI,2021-01-01,1
001f200001cwgA9AAI,2022-01-01,1
001f200001cwgA9AAI,2023-01-01,1
001f200001cwgAIAAY,2021-01-01,1
001f200001cwgAhAAI,2018-01-01,1
001f200001cwgAoAAI,2018-01-01,1
001f200001cwgB4AAI,2018-01-01,1
001f200001cwgBCAAY,2018-01-01,1
001f200001cwgBSAAY,2021-01-01,2
001f200001cwgBSAAY,2022-01-01,1
001f200001cwgBiAAI,2019-01-01,1
001f200001cwgBiAAI,2023-01-01,2
001f200001cwgBiAAI,2024-01-01,1
001f200001cwgBzAAI,2018-01-01,1
001f200001cwgCbAAI,2021-01-01,2
001f200001cwgCbAAI,2022-01-01,2
001f200001cwgClAAI,2018-01-01,1
001f200001cwgD9AAI,2018-01-01,1
001f200001cwgDuAAI,2018-01-01,1
001f200001cwgDuAAI,2022-01-01,2
001f200001cwgDwAAI,2017-01-01,1
001f200001cwgDwAAI,2018-01-01,1
001f200001cwgDwAAI,2019-01-01,1
001f200001cwgDwAAI,2020-01-01,1
001f200001cwgDwAAI,2021-01-01,1
001f200001cwgDwAAI,2022-01-01,2
001f200001cwgDwAAI,2023-01-01,2
001f200001cwgDwAAI,2024-01-01,1
001f200001cwgEuAAI,2018-01-01,1
001f200001cwgF7AAI,2018-01-01,1
001f200001cwgFcAAI,2019-01-01,1
001f200001cwgHZAAY,2018-01-01,1
001f200001cwgHZAAY,2019-01-01,1
001f200001cwgHZAAY,2021-01-01,2
001f200001cwgHZAAY,2022-01-01,1
001f200001cwgHaAAI,2018-01-01,1
001f200001cwgHaAAI,2023-01-01,1
001f200001cwgHhAAI,2019-01-01,1
001f200001cwgHhAAI,2020-01-01,1
001f200001cwgHhAAI,2021-01-01,1
001f200001cwgHhAAI,2022-01-01,1
001f200001cwgHhAAI,2023-01-01,1
001f200001cwgKtAAI,2019-01-01,1
001f200001cwgMNAAY,2018-01-01,1
001f200001cwgMNAAY,2021-01-01,2
001f200001cwgONAAY,2018-01-01,2
001f200001cwgSWAAY,2019-01-01,1
001f200001cwgTiAAI,2018-01-01,1
001f200001cwgVoAAI,2022-01-01,1
001f200001cwgWhAAI,2022-01-01,2
001f200001cwgXkAAI,2021-01-01,1
001f200001cwgY2AAI,2020-01-01,1
001f200001cwgcdAAA,2023-01-01,1
001f200001cwgdKAAQ,2018-01-01,1
001f200001cwge9AAA,2022-01-01,1
001f200001cwggXAAQ,2023-01-01,2
001f200001cwgggAAA,2018-01-01,1
001f200001cwghEAAQ,2018-01-01,1
001f200001cwgjdAAA,2022-01-01,1
001f200001cwgjdAAA,2023-01-01,1
001f200001cwgjeAAA,2018-01-01,1
001f200001cwgjeAAA,2022-01-01,1
001f200001cwgjfAAA,2021-01-01,1
001f200001cwgjfAAA,2022-01-01,1
001f200001cwgjfAAA,2023-01-01,2
001f200001cwgkzAAA,2021-01-01,1
001f200001cwglIAAQ,2018-01-01,1
001f200001cwglXAAQ,2018-01-01,1
001f200001cwgloAAA,2018-01-01,1
001f200001cwgmvAAA,2021-01-01,1
001f200001cwgnFAAQ,2021-01-01,1
001f200001cwgogAAA,2020-01-01,1
001f200001cwgpHAAQ,2024-01-01,1
001f200001cwgqVAAQ,2020-01-01,1
001f200001cwgr4AAA,2023-01-01,1
001f200001cwgsIAAQ,2018-01-01,1
001f200001cwgsSAAQ,2022-01-01,1
001f200001cwgsTAAQ,2018-01-01,1
001f200001cwgsTAAQ,2023-01-01,2
001f200001cwguDAAQ,2021-01-01,1
001f200001cwguEAAQ,2018-01-01,1
001f200001cwgvdAAA,2018-01-01,2
001f200001cwgvdAAA,2022-01-01,5
001f200001cwgvdAAA,2023-01-01,2
001f200001cwgvdAAA,2024-01-01,1
001f200001cwgw1AAA,2023-01-01,1
001f200001cwgwjAAA,2018-01-01,1
001f200001cwgxKAAQ,2019-01-01,1
001f200001cwgxwAAA,2020-01-01,1
001f200001cwgy9AAA,2020-01-01,1
001f200001cwgyVAAQ,2023-01-01,1
001f200001cwgzLAAQ,2018-01-01,1
001f200001cwgzMAAQ,2018-01-01,1
001f200001cwgzUAAQ,2023-01-01,1
001f200001cwgzbAAA,2018-01-01,1
001f200001cwh0BAAQ,2019-01-01,1
001f200001cwh0BAAQ,2022-01-01,1
001f200001cwh0vAAA,2018-01-01,1
001f200001cwh0vAAA,2019-01-01,1
001f200001cwh1gAAA,2018-01-01,1
001f200001cwh1kAAA,2018-01-01,1
001f200001cwh2OAAQ,2018-01-01,1
001f200001cwh2lAAA,2019-01-01,1
001f200001cwh2lAAA,2023-01-01,1
001f200001cwh3AAAQ,2018-01-01,1
001f200001cwh3XAAQ,2018-01-01,2
001f200001cwh3tAAA,2019-01-01,3
001f200001cwh3tAAA,2020-01-01,1
001f200001cwh3tAAA,2021-01-01,1
001f200001cwh3tAAA,2022-01-01,3
001f200001cwh3tAAA,2023-01-01,2
001f200001cwh44AAA,2019-01-01,1
001f200001cwh45AAA,2022-01-01,1
001f200001cwh45AAA,2023-01-01,1
001f200001cwh5gAAA,2018-01-01,1
001f200001cwh8gAAA,2019-01-01,1
001f200001cwh8rAAA,2020-01-01,1
001f200001cwh8zAAA,2021-01-01,1
001f200001cwh8zAAA,2022-01-01,1
001f200001cwh8zAAA,2023-01-01,1
001f200001cwh9QAAQ,2023-01-01,1
001f200001cwh9QAAQ,2024-01-01,1
001f200001cwhAPAAY,2018-01-01,1
001f200001cwhAjAAI,2021-01-01,1
001f200001cwhC8AAI,2017-01-01,1
001f200001cwhC8AAI,2018-01-01,1
001f200001cwhC8AAI,2022-01-01,3
001f200001cwhC8AAI,2023-01-01,1
001f200001cwhCnAAI,2018-01-01,1
001f200001cwhCwAAI,2018-01-01,1
001f200001cwhKzAAI,2018-01-01,1
001f200001cwhKzAAI,2023-01-01,3
001f200001cwhLSAAY,2019-01-01,1
001f200001cwhP5AAI,2020-01-01,1
001f200001cwhPAAAY,2018-01-01,1
001f200001cwhPAAAY,2023-01-01,1
001f200001cwhSHAAY,2019-01-01,1
001f200001cwhSkAAI,2018-01-01,1
001f200001cwhWJAAY,2022-01-01,1
001f200001cwhXxAAI,2021-01-01,1
001f200001cwhb0AAA,2020-01-01,1
001f200001cwhgSAAQ,2018-01-01,1
001f200001cwhgnAAA,2018-01-01,1
001f200001cwhhTAAQ,2019-01-01,1
001f200001cwhhTAAQ,2023-01-01,2
001f200001cwhhoAAA,2020-01-01,1
001f200001cwhhoAAA,2021-01-01,1
001f200001cwhj4AAA,2021-01-01,1
001f200001cwhjvAAA,2018-01-01,1
001f200001cwhjxAAA,2018-01-01,1
001f200001cwhjxAAA,2019-01-01,1
001f200001cwhk4AAA,2019-01-01,1
001f200001cwhkhAAA,2019-01-01,1
001f200001cwhktAAA,2019-01-01,1
001f200001cwhl0AAA,2021-01-01,1
001f200001cwhl3AAA,2021-01-01,1
001f200001cwhl3AAA,2022-01-01,1
001f200001cwhlkAAA,2024-01-01,1
001f200001cwhmpAAA,2021-01-01,1
001f200001cwhoXAAQ,2018-01-01,2
001f200001cwhq8AAA,2023-01-01,1
001f200001cwhrDAAQ,2022-01-01,1
001f200001cwhrDAAQ,2023-01-01,3
001f200001cwhrNAAQ,2018-01-01,1
001f200001cwhrSAAQ,2021-01-01,1
001f200001cwhrbAAA,2020-01-01,1
001f200001cwhrbAAA,2021-01-01,2
001f200001cwhrbAAA,2022-01-01,3
001f200001cwhspAAA,2017-01-01,1
001f200001cwhuDAAQ,2023-01-01,2
001f200001cwhuqAAA,2018-01-01,1
001f200001cwhuqAAA,2019-01-01,1
001f200001cwhvIAAQ,2020-01-01,1
001f200001cwhvPAAQ,2018-01-01,1
001f200001cwhvPAAQ,2022-01-01,3
001f200001cwhvPAAQ,2023-01-01,1
001f200001cwhvlAAA,2018-01-01,1
001f200001cwhx9AAA,2022-01-01,1
001f200001cwhx9AAA,2023-01-01,1
001f200001cwhx9AAA,2024-01-01,1
001f200001cwi07AAA,2018-01-01,1
001f200001cwi0PAAQ,2020-01-01,1
001f200001cwi0yAAA,2018-01-01,1
001f200001cwi0yAAA,2020-01-01,1
001f200001cwi16AAA,2019-01-01,1
001f200001cwi2nAAA,2018-01-01,1
001f200001cwi3AAAQ,2022-01-01,2
001f200001cwi3AAAQ,2023-01-01,1
001f200001cwi3AAAQ,2024-01-01,1
001f200001cwi3XAAQ,2018-01-01,1
001f200001cwi3lAAA,2022-01-01,1
001f200001cwiByAAI,2020-01-01,1
001f200001cwiCvAAI,2020-01-01,1
001f200001cwiDRAAY,2019-01-01,1
001f200001cwiE7AAI,2018-01-01,1
001f200001cwiE9AAI,2021-01-01,1
001f200001cwiEvAAI,2018-01-01,1
001f200001cwiGKAAY,2018-01-01,2
001f200001cwiGKAAY,2021-01-01,1
001f200001cwiIrAAI,2021-01-01,1
001f200001cwiJsAAI,2022-01-01,2
001f200001cwiJsAAI,2023-01-01,2
001f200001cwiKDAAY,2019-01-01,1
001f200001cwiMcAAI,2018-01-01,1
001f200001cwiMwAAI,2018-01-01,1
001f200001cwiO4AAI,2018-01-01,1
001f200001cwiODAAY,2019-01-01,1
001f200001cwiODAAY,2022-01-01,1
001f200001cwiOFAAY,2020-01-01,1
001f200001cwiOSAAY,2020-01-01,1
001f200001cwiQwAAI,2021-01-01,1
001f200001cwiRVAAY,2023-01-01,2
001f200001cwiVpAAI,2018-01-01,1
001f200001cwiVpAAI,2019-01-01,1
001f200001cwiVpAAI,2020-01-01,1
001f200001cwiYCAAY,2023-01-01,1
001f200001cwiZaAAI,2018-01-01,1
001f200001cwibmAAA,2018-01-01,1
001f200001cwijfAAA,2018-01-01,1
001f200001cwikoAAA,2019-01-01,1
001f200001cwikoAAA,2022-01-01,1
001f200001cwikpAAA,2018-01-01,1
001f200001cwilCAAQ,2019-01-01,1
001f200001cwiliAAA,2020-01-01,1
001f200001cwim5AAA,2021-01-01,1
001f200001cwim5AAA,2022-01-01,1
001f200001cwiqRAAQ,2023-01-01,1
001f200001cwiqTAAQ,2021-01-01,1
001f200001cwiqTAAQ,2023-01-01,1
001f200001cwiqeAAA,2018-01-01,1
001f200001cwiqeAAA,2024-01-01,1
001f200001cwir9AAA,2018-01-01,1
001f200001cwirfAAA,2020-01-01,1
001f200001cwiswAAA,2019-01-01,2
001f200001cwiswAAA,2020-01-01,1
001f200001cwiswAAA,2021-01-01,1
001f200001cwiswAAA,2022-01-01,1
001f200001cwiswAAA,2023-01-01,1
001f200001cwiwTAAQ,2022-01-01,1
001f200001cwiwcAAA,2018-01-01,1
001f200001cwiwcAAA,2019-01-01,1
001f200001cwiwcAAA,2021-01-01,1
001f200001cwixjAAA,2023-01-01,1
001f200001cwixlAAA,2019-01-01,1
001f200001cwixqAAA,2018-01-01,1
001f200001cwixvAAA,2020-01-01,1
001f200001cwiyKAAQ,2018-01-01,1
001f200001cwiyKAAQ,2019-01-01,1
001f200001cwiyKAAQ,2023-01-01,1
001f200001cwj3bAAA,2018-01-01,1
001f200001cwj3bAAA,2022-01-01,1
001f200001cwj3bAAA,2023-01-01,1
001f200001cwj4bAAA,2023-01-01,1
001f200001cwj4pAAA,2019-01-01,1
001f200001cwj5RAAQ,2020-01-01,1
001f200001cwj5jAAA,2021-01-01,1
001f200001cwj5nAAA,2021-01-01,1
001f200001cwj5nAAA,2023-01-01,1
001f200001cwj9RAAQ,2019-01-01,1
001f200001cwj9lAAA,2018-01-01,1
001f200001cwj9lAAA,2022-01-01,1
001f200001cwjA4AAI,2018-01-01,1
001f200001cwjA4AAI,2019-01-01,1
001f200001cwjA4AAI,2022-01-01,2
001f200001cwjABAAY,2018-01-01,1
001f200001cwjABAAY,2022-01-01,1
001f200001cwjAHAAY,2019-01-01,1
001f200001cwjAHAAY,2022-01-01,1
001f200001cwjAHAAY,2023-01-01,1
001f200001cwjAWAAY,2021-01-01,2
001f200001cwjAhAAI,2019-01-01,1
001f200001cwjAhAAI,2020-01-01,1
001f200001cwjAhAAI,2021-01-01,1
001f200001cwjAhAAI,2022-01-01,1
001f200001cwjAwAAI,2020-01-01,1
001f200001cwjBRAAY,2018-01-01,1
001f200001cwjFkAAI,2021-01-01,1
001f200001cwjGCAAY,2019-01-01,1
001f200001cwjGCAAY,2022-01-01,1
001f200001cwjGCAAY,2023-01-01,2
001f200001cwjGCAAY,2024-01-01,4
001f200001cwjGaAAI,2020-01-01,1
001f200001cwjGaAAI,2021-01-01,1
001f200001cwjH1AAI,2019-01-01,1
001f200001cwjH1AAI,2022-01-01,1
001f200001cwjH5AAI,2018-01-01,1
001f200001cwjHwAAI,2020-01-01,1
001f200001cwjI0AAI,2019-01-01,1
001f200001cwjIcAAI,2023-01-01,2
001f200001cwjM3AAI,2020-01-01,1
001f200001cwjMBAAY,2019-01-01,1
001f200001cwjMSAAY,2019-01-01,1
001f200001cwjMSAAY,2022-01-01,1
001f200001cwjMUAAY,2018-01-01,1
001f200001cwjMcAAI,2018-01-01,1
001f200001cwjMdAAI,2018-01-01,1
001f200001cwjMjAAI,2023-01-01,2
001f200001cwjMjAAI,2024-01-01,1
001f200001cwjMrAAI,2019-01-01,1
001f200001cwjMyAAI,2018-01-01,1
001f200001cwjNDAAY,2022-01-01,1
001f200001cwjNFAAY,2018-01-01,1
001f200001cwjOuAAI,2023-01-01,1
001f200001cwjSQAAY,2019-01-01,1
001f200001cwjSoAAI,2020-01-01,1
001f200001cwjTPAAY,2023-01-01,1
001f200001cwjTaAAI,2019-01-01,1
001f200001cwjTwAAI,2018-01-01,1
001f200001cwjU6AAI,2023-01-01,1
001f200001cwjV8AAI,2018-01-01,1
001f200001cwjV8AAI,2022-01-01,1
001f200001cwja3AAA,2018-01-01,1
001f200001cwja9AAA,2024-01-01,1
001f200001cwjaIAAQ,2018-01-01,1
001f200001cwjatAAA,2018-01-01,1
001f200001cwjbuAAA,2022-01-01,1
001f200001cwjhIAAQ,2018-01-01,1
001f200001cwjhkAAA,2021-01-01,1
001f200001cwjhkAAA,2022-01-01,5
001f200001cwjhkAAA,2023-01-01,2
001f200001cwjhkAAA,2024-01-01,2
001f200001cwji6AAA,2018-01-01,1
001f200001cwjlRAAQ,2019-01-01,1
001f200001cwjliAAA,2018-01-01,1
001f200001cwjmSAAQ,2021-01-01,1
001f200001cwjmSAAQ,2022-01-01,1
001f200001cwjmeAAA,2018-01-01,1
001f200001cwjmeAAA,2023-01-01,1
001f200001cwjmsAAA,2021-01-01,1
001f200001cwjmsAAA,2022-01-01,2
001f200001cwjn6AAA,2019-01-01,1
001f200001cwjnHAAQ,2018-01-01,1
001f200001cwjo7AAA,2018-01-01,1
001f200001cwjsFAAQ,2018-01-01,1
001f200001cwjssAAA,2023-01-01,1
001f200001cwjt3AAA,2018-01-01,1
001f200001cwjtOAAQ,2021-01-01,1
001f200001cwjtwAAA,2016-01-01,1
001f200001cwjtwAAA,2017-01-01,1
001f200001cwjzOAAQ,2019-01-01,1
001f200001cwjzUAAQ,2020-01-01,1
001f200001cwjzlAAA,2021-01-01,1
001f200001cwjzoAAA,2018-01-01,1
001f200001cwjzoAAA,2020-01-01,1
001f200001cwjzyAAA,2021-01-01,1
001f200001cwk03AAA,2018-01-01,1
001f200001cwk08AAA,2018-01-01,1
001f200001cwk0UAAQ,2018-01-01,1
001f200001cwk0VAAQ,2019-01-01,1
001f200001cwk4ZAAQ,2023-01-01,1
001f200001cwk4cAAA,2020-01-01,1
001f200001cwk4rAAA,2020-01-01,1
001f200001cwk58AAA,2018-01-01,1
001f200001cwk5CAAQ,2020-01-01,1
001f200001cwk5YAAQ,2018-01-01,1
001f200001cwk5YAAQ,2023-01-01,2
001f200001cwk5YAAQ,2024-01-01,2
001f200001cwk5iAAA,2018-01-01,1
001f200001cwk5iAAA,2022-01-01,2
001f200001cwk5iAAA,2023-01-01,1
001f200001cwk5iAAA,2024-01-01,2
001f200001cwk63AAA,2018-01-01,1
001f200001cwk73AAA,2023-01-01,1
001f200001cwk7YAAQ,2023-01-01,1
001f200001cwk7eAAA,2020-01-01,1
001f200001cwkBHAAY,2023-01-01,1
001f200001cwkBmAAI,2018-01-01,1
001f200001cwkCJAAY,2019-01-01,1
001f200001cwkCJAAY,2020-01-01,1
001f200001cwkCLAAY,2018-01-01,1
001f200001cwkCeAAI,2018-01-01,1
001f200001cwkCeAAI,2021-01-01,1
001f200001cwkDDAAY,2021-01-01,1
001f200001cwkIEAAY,2021-01-01,1
001f200001cwkIEAAY,2022-01-01,1
001f200001cwkIpAAI,2019-01-01,1
001f200001cwkIpAAI,2020-01-01,1
001f200001cwkIpAAI,2021-01-01,1
001f200001cwkIpAAI,2022-01-01,1
001f200001cwkJEAAY,2020-01-01,1
001f200001cwkNkAAI,2023-01-01,2
001f200001cwkNoAAI,2018-01-01,1
001f200001cwkNoAAI,2022-01-01,1
001f200001cwkO0AAI,2018-01-01,1
001f200001cwkQVAAY,2022-01-01,1
001f200001cwkQoAAI,2019-01-01,1
001f200001cwkQoAAI,2023-01-01,1
001f200001cwkURAAY,2020-01-01,1
001f200001cwkVJAAY,2018-01-01,1
001f200001cwkW4AAI,2023-01-01,1
001f200001cwkW8AAI,2021-01-01,1
001f200001cwkW8AAI,2022-01-01,2
001f200001cwkW8AAI,2023-01-01,4
001f200001cwkW8AAI,2024-01-01,4
001f200001cwkWGAAY,2018-01-01,1
001f200001cwkWGAAY,2020-01-01,1
001f200001cwkWOAAY,2023-01-01,1
001f200001cwkWQAAY,2020-01-01,1
001f200001cwkWSAAY,2020-01-01,1
001f200001cwkZgAAI,2018-01-01,1
001f200001cwkZgAAI,2020-01-01,2
001f200001cwkZgAAI,2021-01-01,1
001f200001cwkZuAAI,2018-01-01,1
001f200001cwkZuAAI,2023-01-01,1
001f200001cwkaSAAQ,2021-01-01,2
001f200001cwkadAAA,2018-01-01,1
001f200001cwkadAAA,2022-01-01,2
001f200001cwkadAAA,2023-01-01,2
001f200001cwkadAAA,2024-01-01,2
001f200001cwkb9AAA,2022-01-01,2
001f200001eT9etAAC,2018-01-01,1
001f200001eT9euAAC,2018-01-01,1
001f200001eT9f0AAC,2018-01-01,1
001f200001eTPIqAAO,2024-01-01,1
001f200001eTQ8nAAG,2018-01-01,1
001f200001eTQ8zAAG,2018-01-01,1
001f200001eTQ9DAAW,2018-01-01,1
001f200001eTQ9DAAW,2019-01-01,1
001f200001eTQ9DAAW,2020-01-01,1
001f200001eTQ9DAAW,2022-01-01,1
001f200001eTQ9DAAW,2023-01-01,1
001f200001eTQ9DAAW,2024-01-01,1
001f200001eTQ9EAAW,2018-01-01,1
001f200001eTQ9LAAW,2018-01-01,1
001f200001eTQ9NAAW,2018-01-01,1
001f200001eTQ9PAAW,2021-01-01,1
001f200001eTQ9PAAW,2023-01-01,2
001f200001eTQ9UAAW,2018-01-01,1
001f200001eTQ9VAAW,2021-01-01,1
001f200001eTQ9VAAW,2022-01-01,2
001f200001eTQ9VAAW,2023-01-01,1
001f200001eTQ9cAAG,2018-01-01,1
001f200001eTQ9dAAG,2018-01-01,1
001f200001eTQ9jAAG,2018-01-01,1
001f200001eTQ9nAAG,2018-01-01,1
001f200001eTQ9vAAG,2018-01-01,1
001f200001eTQ9vAAG,2019-01-01,1
001f200001eTQ9yAAG,2018-01-01,1
001f200001eTQ9yAAG,2020-01-01,1
001f200001eTQ9yAAG,2021-01-01,1
001f200001eTQ9zAAG,2018-01-01,1
001f200001eTQ9zAAG,2023-01-01,2
001f200001eTQARAA4,2018-01-01,1
001f200001eTQATAA4,2020-01-01,1
001f200001eTQATAA4,2021-01-01,2
001f200001eTQAUAA4,2018-01-01,1
001f200001eTQAbAAO,2018-01-01,1
001f200001eTQAoAAO,2018-01-01,1
001f200001eTQApAAO,2018-01-01,1
001f200001eTQB7AAO,2020-01-01,1
001f200001eTQB7AAO,2021-01-01,1
001f200001eTQB7AAO,2022-01-01,1
001f200001eTQB7AAO,2023-01-01,1
001f200001eTQB8AAO,2019-01-01,1
001f200001eTQB8AAO,2020-01-01,1
001f200001eTQB9AAO,2018-01-01,1
001f200001eTQBaAAO,2018-01-01,1
001f200001eTQBbAAO,2018-01-01,2
001f200001eTQBfAAO,2018-01-01,1
001f200001eTQFAAA4,2018-01-01,1
001f200001eTQFMAA4,2018-01-01,1
001f200001eTQFPAA4,2020-01-01,1
001f200001eTQFQAA4,2018-01-01,1
001f200001eTQFXAA4,2019-01-01,1
001f200001eTQFcAAO,2018-01-01,1
001f200001eTQFhAAO,2018-01-01,1
001f200001eTQFkAAO,2018-01-01,2
001f200001eTQFkAAO,2019-01-01,1
001f200001eTQFxAAO,2018-01-01,1
001f200001eTQGMAA4,2018-01-01,1
001f200001eTQGVAA4,2018-01-01,1
001f200001eTQGqAAO,2018-01-01,1
001f200001eTQH3AAO,2018-01-01,1
001f200001eTQHCAA4,2018-01-01,1
001f200001eTQHCAA4,2019-01-01,2
001f200001eTQHCAA4,2021-01-01,2
001f200001eTQHGAA4,2018-01-01,1
001f200001eTQHPAA4,2018-01-01,1
001f200001eTQHUAA4,2018-01-01,1
001f200001eTQHUAA4,2022-01-01,1
001f200001eTQHUAA4,2023-01-01,1
001f200001eTQHZAA4,2018-01-01,1
001f200001eTQHgAAO,2023-01-01,1
001f200001eTQHhAAO,2018-01-01,1
001f200001eTQHjAAO,2018-01-01,1
001f200001eTQI4AAO,2018-01-01,1
001f200001eTQI5AAO,2017-01-01,1
001f200001eTQI5AAO,2018-01-01,1
001f200001eTQI5AAO,2019-01-01,1
001f200001eTQI5AAO,2020-01-01,1
001f200001eTQI5AAO,2021-01-01,3
001f200001eTQI5AAO,2022-01-01,3
001f200001eTQIBAA4,2018-01-01,1
001f200001eTQLRAA4,2019-01-01,1
001f200001eTQLRAA4,2020-01-01,1
001f200001eTQLRAA4,2022-01-01,1
001f200001eTQLYAA4,2018-01-01,2
001f200001eTQLgAAO,2018-01-01,1
001f200001eTQLnAAO,2018-01-01,1
001f200001eTQLqAAO,2020-01-01,1
001f200001eTQLqAAO,2021-01-01,1
001f200001eTQLqAAO,2022-01-01,2
001f200001eTQLqAAO,2023-01-01,3
001f200001eTQLqAAO,2024-01-01,1
001f200001eTQM1AAO,2018-01-01,1
001f200001eTQMaAAO,2018-01-01,1
001f200001eTQMvAAO,2018-01-01,1
001f200001eTQMvAAO,2019-01-01,1
001f200001eTQMvAAO,2020-01-01,1
001f200001eTQNEAA4,2018-01-01,1
001f200001eTQNRAA4,2018-01-01,1
001f200001eTQNRAA4,2022-01-01,5
001f200001eTQNRAA4,2023-01-01,5
001f200001eTQNRAA4,2024-01-01,2
001f200001eTQNWAA4,2018-01-01,1
001f200001eTQNYAA4,2021-01-01,2
001f200001eTQNYAA4,2022-01-01,1
001f200001eTQNYAA4,2023-01-01,1
001f200001eTQNZAA4,2018-01-01,1
001f200001eTQNgAAO,2018-01-01,1
001f200001eTQNhAAO,2018-01-01,1
001f200001eTQNsAAO,2018-01-01,1
001f200001eTQNuAAO,2018-01-01,2
001f200001eTQNuAAO,2019-01-01,1
001f200001eTQO0AAO,2019-01-01,1
001f200001eTQOCAA4,2018-01-01,1
001f200001eTQOIAA4,2018-01-01,1
001f200001eTQRqAAO,2018-01-01,1
001f200001eTQRzAAO,2018-01-01,1
001f200001eTQS0AAO,2018-01-01,1
001f200001eTQS9AAO,2018-01-01,1
001f200001eTQS9AAO,2022-01-01,1
001f200001eTQSFAA4,2018-01-01,1
001f200001eTQSHAA4,2018-01-01,1
001f200001eTQSRAA4,2018-01-01,1
001f200001eTQSXAA4,2023-01-01,1
001f200001eTQSbAAO,2018-01-01,1
001f200001eTQSlAAO,2018-01-01,1
001f200001eTQStAAO,2021-01-01,1
001f200001eTQStAAO,2022-01-01,1
001f200001eTQStAAO,2023-01-01,3
001f200001eTQT6AAO,2018-01-01,1
001f200001eTQTFAA4,2018-01-01,1
001f200001eTQTLAA4,2018-01-01,1
001f200001eTQTfAAO,2018-01-01,1
001f200001eTQTrAAO,2018-01-01,1
001f200001eTQTtAAO,2018-01-01,1
001f200001eTQUMAA4,2018-01-01,1
001f200001eTQUQAA4,2018-01-01,2
001f200001eTQUQAA4,2019-01-01,1
001f200001eTQUSAA4,2018-01-01,1
001f200001eTQUUAA4,2018-01-01,1
001f200001eTQUaAAO,2018-01-01,1
001f200001eTQUdAAO,2018-01-01,1
001f200001eTQUiAAO,2018-01-01,1
001f200001eTQVfAAO,2018-01-01,1
001f200001eTQVoAAO,2018-01-01,1
001f200001eTQW1AAO,2018-01-01,1
001f200001eTQW6AAO,2018-01-01,1
001f200001eTQW6AAO,2021-01-01,3
001f200001eTQW6AAO,2022-01-01,1
001f200001eTQW6AAO,2023-01-01,1
001f200001eTbFrAAK,2018-01-01,2
001f200001eTbGzAAK,2018-01-01,1
001f200001eTbGzAAK,2020-01-01,1
001f200001eTbGzAAK,2021-01-01,1
001f200001eTbGzAAK,2022-01-01,1
001f200001eTbGzAAK,2023-01-01,1
001f200001eTbHdAAK,2017-01-01,1
001f200001eTbHdAAK,2018-01-01,2
001f200001eTbHdAAK,2019-01-01,1
001f200001eTbHdAAK,2020-01-01,1
001f200001eTbHdAAK,2021-01-01,1
001f200001eTbHdAAK,2022-01-01,1
001f200001eTbHdAAK,2023-01-01,1
001f200001eTbQIAA0,2018-01-01,2
001f200001eTbQIAA0,2019-01-01,1
001f200001eTbQIAA0,2020-01-01,1
001f200001eTddgAAC,2016-01-01,1
001f200001eTddgAAC,2017-01-01,1
001f200001eTfrzAAC,2018-01-01,1
001f200001eTvDJAA0,2015-01-01,1
001f200001eTvDJAA0,2016-01-01,1
001f200001eTvDJAA0,2017-01-01,1
001f200001eTvDJAA0,2018-01-01,1
001f200001eTvDJAA0,2019-01-01,2
001f200001eTvDJAA0,2020-01-01,1
001f200001eTvDJAA0,2021-01-01,1
001f200001eTvDJAA0,2022-01-01,1
001f200001eTvDJAA0,2023-01-01,1
001f200001eTvE7AAK,2016-01-01,1
001f200001eTvE7AAK,2017-01-01,1
001f200001eTvE7AAK,2018-01-01,2
001f200001eTvE7AAK,2019-01-01,1
001f200001eTvE7AAK,2020-01-01,1
001f200001eTvE7AAK,2021-01-01,1
001f200001eTvE7AAK,2022-01-01,1
001f200001eTvaTAAS,2018-01-01,1
001f200001eTyMrAAK,2018-01-01,1
001f200001eTyU7AAK,2018-01-01,1
001f200001eTyYnAAK,2017-01-01,1
001f200001eTyYnAAK,2019-01-01,1
001f200001eTyZRAA0,2018-01-01,1
001f200001eUFRcAAO,2017-01-01,1
001f200001eUFVKAA4,2018-01-01,1
001f200001eUFVKAA4,2019-01-01,1
001f200001eUFVKAA4,2020-01-01,1
001f200001eUcvuAAC,2018-01-01,1
001f200001eUcvuAAC,2019-01-01,1
001f200001eVeaHAAS,2023-01-01,1
001f200001fGscCAAS,2018-01-01,1
001f200001fGsfBAAS,2018-01-01,1
001f200001fHMQ8AAO,2020-01-01,1
001f200001fHMSdAAO,2018-01-01,1
001f200001fHMSdAAO,2019-01-01,1
001f200001fIrxVAAS,2022-01-01,1
001f200001fIrxVAAS,2023-01-01,1
001f200001fIryaAAC,2021-01-01,2
001f200001fIryaAAC,2022-01-01,5
001f200001fIryaAAC,2023-01-01,3
001f200001fIryaAAC,2024-01-01,2
001f200001fIs0HAAS,2022-01-01,1
001f200001fIs0LAAS,2019-01-01,1
001f200001fIs7BAAS,2021-01-01,2
001f200001fIs7BAAS,2022-01-01,2
001f200001fIs7CAAS,2020-01-01,1
001f200001fIs7WAAS,2018-01-01,1
001f200001fIs86AAC,2016-01-01,1
001f200001fIs8gAAC,2023-01-01,3
001f200001fIs8nAAC,2018-01-01,1
001f200001fIs8nAAC,2020-01-01,1
001f200001fIs9VAAS,2018-01-01,1
001f200001fIsEIAA0,2018-01-01,1
001f200001fIsGHAA0,2021-01-01,1
001f200001fIsUPAA0,2022-01-01,1
001f200001fIsn0AAC,2021-01-01,1
001f200001fIspiAAC,2023-01-01,1
001f200001fIspiAAC,2024-01-01,3
001f200001fIspnAAC,2023-01-01,3
001f200001fIsyTAAS,2022-01-01,2
001f200001fIsyTAAS,2023-01-01,2
001f200001fIsynAAC,2019-01-01,1
001f200001fIsz3AAC,2021-01-01,1
001f200001fIt7SAAS,2018-01-01,1
001f200001fIt7tAAC,2022-01-01,1
001f200001fIt7tAAC,2023-01-01,2
001f200001fIt7tAAC,2024-01-01,1
001f200001fIt8nAAC,2019-01-01,1
001f200001fItClAAK,2019-01-01,1
001f200001fItDjAAK,2016-01-01,1
001f200001fItEiAAK,2021-01-01,1
001f200001fItEiAAK,2022-01-01,3
001f200001fItF0AAK,2019-01-01,1
001f200001fItNEAA0,2022-01-01,1
001f200001fItNMAA0,2022-01-01,1
001f200001fItXzAAK,2023-01-01,1
001f200001fItXzAAK,2024-01-01,1
001f200001fItgNAAS,2018-01-01,1
001f200001fItq0AAC,2020-01-01,1
001f200001fItq0AAC,2021-01-01,1
001f200001fItq0AAC,2022-01-01,2
001f200001fItq0AAC,2023-01-01,2
001f200001fItq0AAC,2024-01-01,1
001f200001fItq9AAC,2019-01-01,1
001f200001fItrPAAS,2022-01-01,1
001f200001fItz7AAC,2019-01-01,1
001f200001fItz7AAC,2020-01-01,2
001f200001fItz7AAC,2021-01-01,1
001f200001fItz7AAC,2022-01-01,1
001f200001fItz7AAC,2023-01-01,6
001f200001fItzpAAC,2019-01-01,1
001f200001fIu0PAAS,2017-01-01,1
001f200001fIu0PAAS,2018-01-01,2
001f200001fIu0PAAS,2019-01-01,1
001f200001fIu0PAAS,2020-01-01,1
001f200001fIu1BAAS,2019-01-01,1
001f200001fIu1PAAS,2022-01-01,1
001f200001fIu8wAAC,2021-01-01,2
001f200001fIuAPAA0,2018-01-01,1
001f200001fIuIAAA0,2020-01-01,1
001f200001fIuIAAA0,2021-01-01,1
001f200001fIuIAAA0,2022-01-01,3
001f200001g4eh1AAA,2020-01-01,1
001f200001g4eh1AAA,2021-01-01,1
001f200001g4eh1AAA,2022-01-01,1
001f200001g4sOfAAI,2018-01-01,1
001f200001g4sPsAAI,2018-01-01,1
001f200001g5C95AAE,2018-01-01,1
001f200001g5Ik1AAE,2023-01-01,2
001f200001g5Ik1AAE,2024-01-01,1
001f200001g5IzDAAU,2018-01-01,1
001f200001g5uZaAAI,2018-01-01,1
001f200001g5utGAAQ,2019-01-01,1
001f200001gR67KAAS,2018-01-01,1
001f200001gTNgHAAW,2018-01-01,1
001f200001hE2GRAA0,2022-01-01,1
001f200001hEMhxAAG,2018-01-01,1
001f200001hFCCmAAO,2018-01-01,1
001f200001hFCDGAA4,2018-01-01,1
001f200001hFCHIAA4,2018-01-01,1
001f200001hHXQcAAO,2019-01-01,1
001f200001hq3FPAAY,2023-01-01,4
001f200001hqRkqAAE,2020-01-01,1
001f200001hrNs9AAE,2018-01-01,1
001f200001hrYkJAAU,2019-01-01,1
001f200001hs385AAA,2021-01-01,1
001f200001hs385AAA,2022-01-01,4
001f200001iUTvKAAW,2018-01-01,1
001f200001iUV9ZAAW,2018-01-01,1
001f200001iUXxxAAG,2020-01-01,1
001f200001jKX8fAAG,2020-01-01,1
001f200001jKX8fAAG,2021-01-01,3
001f200001jKX8fAAG,2022-01-01,1
001f200001jKkC7AAK,2022-01-01,1
001f200001jKkC7AAK,2023-01-01,1
001f200001jKzESAA0,2018-01-01,1
001f200001jKzESAA0,2019-01-01,1
001f200001jKzESAA0,2020-01-01,1
001f200001jL9xOAAS,2018-01-01,1
001f200001jN52mAAC,2022-01-01,3
001f200001jN52mAAC,2023-01-01,2
001f200001jNrqEAAS,2019-01-01,1
001f200001kyemKAAQ,2016-01-01,1
001f200001lOgVuAAK,2018-01-01,1
001f200001lOgVuAAK,2019-01-01,1
001f200001lOvqAAAS,2018-01-01,1
001f200001lPB3tAAG,2019-01-01,1
001f200001lPGG8AAO,2022-01-01,1
001f200001lPHmIAAW,2018-01-01,1
001f200001lPhVPAA0,2019-01-01,1
001f200001lwre3AAA,2021-01-01,1
001f200001lx5ksAAA,2019-01-01,1
001f200001mMgkUAAS,2019-01-01,1
001f200001mMvlQAAS,2019-01-01,1
001f200001mPG3pAAG,2019-01-01,1
001f200001mPKazAAG,2019-01-01,1
001f200001mPKazAAG,2021-01-01,1
001f200001mPKazAAG,2022-01-01,2
001f200001mPKazAAG,2023-01-01,3
001f200001mPKazAAG,2024-01-01,4
001f200001mPZgQAAW,2019-01-01,1
001f200001mQ0IDAA0,2019-01-01,1
001f200001mQJ82AAG,2020-01-01,1
001f200001nJtjgAAC,2019-01-01,1
001f200001nKhZoAAK,2019-01-01,1
001f200001nL1KjAAK,2019-01-01,1
001f200001o0WuaAAE,2019-01-01,2
001f200001o0YvfAAE,2019-01-01,1
001f200001o1t82AAA,2019-01-01,1
001f200001o1tbJAAQ,2016-01-01,1
001f200001o1tbJAAQ,2022-01-01,1
001f200001o1tbJAAQ,2023-01-01,1
001f200001o1tpfAAA,2016-01-01,1
001f200001o360nAAA,2019-01-01,1
001f200001o360nAAA,2022-01-01,2
001f200001o360nAAA,2024-01-01,3
001f200001qJU8TAAW,2020-01-01,1
001f200001qJUoPAAW,2019-01-01,1
001f200001qK8SNAA0,2024-01-01,2
001f200001qKNs2AAG,2019-01-01,2
001f200001qKNs2AAG,2021-01-01,1
001f200001qKNs2AAG,2022-01-01,1
001f200001rEsFiAAK,2021-01-01,2
001f200001rEsFiAAK,2022-01-01,2
001f200001rEsKdAAK,2019-01-01,1
001f200001rHlalAAC,2019-01-01,1
001f200001sWwEAAA0,2019-01-01,1
001f200001sXrqbAAC,2024-01-01,2
001f200001sYAwgAAG,2019-01-01,1
001f200001sYYZIAA4,2022-01-01,1
001f200001sYYZIAA4,2023-01-01,1
001f200001sZOVUAA4,2022-01-01,3
001f200001sZOVUAA4,2023-01-01,1
001f200001tAHuyAAG,2019-01-01,1
001f200001tAHuyAAG,2020-01-01,1
001f200001tAHuyAAG,2021-01-01,1
001f200001tAHuyAAG,2022-01-01,4
001f200001tAHuyAAG,2023-01-01,2
001f200001tAHuyAAG,2024-01-01,2
001f200001tPN4gAAG,2019-01-01,1
001f200001tPN4gAAG,2021-01-01,1
001f200001tRH1TAAW,2022-01-01,1
001f200001tSy5AAAS,2023-01-01,1
001f200001tSy5AAAS,2024-01-01,1
001f200001td5O1AAI,2019-01-01,1
001f200001td7q3AAA,2019-01-01,1
001f200001u9uGMAAY,2022-01-01,1
001f200001u9uGMAAY,2023-01-01,2
001f200001u9uGMAAY,2024-01-01,1
001f200001u9uKGAAY,2022-01-01,1
001f200001uEBBTAA4,2023-01-01,1
001f200001uECJsAAO,2022-01-01,1
001f200001uECJsAAO,2023-01-01,1
001f200001uECJsAAO,2024-01-01,1
001f200001v1MI1AAM,2021-01-01,1
001f200001v1MI1AAM,2022-01-01,1
001f200001vRZGFAA4,2022-01-01,1
001f200001vTTclAAG,2019-01-01,1
001f200001vTTclAAG,2020-01-01,1
001f200001vTTclAAG,2021-01-01,1
001f200001vTTclAAG,2022-01-01,1
001f200001vTTclAAG,2023-01-01,4
001f200001vkvG9AAI,2021-01-01,1
001f200001wCIm8AAG,2022-01-01,1
001f200001wCIm8AAG,2023-01-01,1
001f200001wDWd2AAG,2019-01-01,1
001f200001wNq37AAC,2022-01-01,1
001f200001wNq37AAC,2023-01-01,3
001f200001wNq37AAC,2024-01-01,1
001f200001wPYRpAAO,2019-01-01,1
001f200001wPYRpAAO,2020-01-01,1
001f200001wPYRpAAO,2021-01-01,1
001f200001wok0AAAQ,2019-01-01,1
001f200001x91Z9AAI,2019-01-01,1
001f200001x9C3wAAE,2020-01-01,1
001f200001x9GXmAAM,2020-01-01,1
001f200001yCWjeAAG,2019-01-01,1
001f200001yCWjeAAG,2021-01-01,3
001f200001yCWjeAAG,2022-01-01,3
001f200001yCWjeAAG,2023-01-01,1
001f200001yCYwzAAG,2021-01-01,1
001f200001yrt38AAA,2019-01-01,1
001f200001yxHj7AAE,2019-01-01,1
001f200001yyKjrAAE,2019-01-01,1
001f200001zJ1y0AAC,2022-01-01,2
001f200001zJ21tAAC,2023-01-01,1
001f200001zJ27OAAS,2023-01-01,2
001f200001zJ27yAAC,2021-01-01,1
001f200001zJ29PAAS,2021-01-01,1
001f200001zKLtHAAW,2022-01-01,2
001f200001ze3TbAAI,2019-01-01,1
001f200001ze3ypAAA,2019-01-01,1
001f200001zehj1AAA,2022-01-01,1
001f200001zehj1AAA,2024-01-01,2
001f200001zf4AlAAI,2022-01-01,1
001f200001zf4BJAAY,2019-01-01,1
001f200001zf4BJAAY,2021-01-01,1
001f200001zf4BJAAY,2023-01-01,1
001f2000020btyiAAA,2020-01-01,1
001f2000020dhblAAA,2023-01-01,1
001f2000020dkhCAAQ,2021-01-01,1
001f2000020dkhCAAQ,2024-01-01,1
001f2000020wLeGAAU,2019-01-01,1
001f2000020wLtKAAU,2022-01-01,1
001f2000020wLtKAAU,2023-01-01,2
001f2000020wLtKAAU,2024-01-01,1
001f2000020wLvVAAU,2021-01-01,1
001f2000020wLvVAAU,2022-01-01,1
001f2000020wM3eAAE,2019-01-01,1
001f2000020wMACAA2,2024-01-01,2
001f2000020wMRvAAM,2020-01-01,1
001f2000020wMRvAAM,2021-01-01,1
001f2000020wMRvAAM,2022-01-01,6
001f2000020wMsPAAU,2021-01-01,1
001f2000020weqQAAQ,2019-01-01,1
001f200002185dFAAQ,2019-01-01,1
001f200002185dFAAQ,2020-01-01,1
001f200002185dFAAQ,2021-01-01,2
001f200002185dFAAQ,2022-01-01,2
001f200002185dFAAQ,2023-01-01,3
001f20000218edVAAQ,2023-01-01,1
001f2000021Wa6kAAC,2023-01-01,1
001f2000021ZjKsAAK,2019-01-01,1
001f2000021ZjKsAAK,2020-01-01,1
001f2000021ZjKsAAK,2021-01-01,1
001f2000021ZwrRAAS,2022-01-01,1
001f2000021ZwrRAAS,2023-01-01,1
001f2000021ZxF0AAK,2020-01-01,1
001f2000021Zz5qAAC,2021-01-01,2
001f2000021Zz5qAAC,2022-01-01,3
001f2000021aTuuAAE,2019-01-01,1
001f2000021aVAgAAM,2019-01-01,1
001f2000021aVAgAAM,2020-01-01,1
001f2000021jaU5AAI,2020-01-01,1
001f2000021jaU5AAI,2021-01-01,1
001f2000021jaU5AAI,2023-01-01,1
001f2000021jdibAAA,2021-01-01,1
001f2000021jdibAAA,2022-01-01,1
001f2000021jdibAAA,2023-01-01,1
001f2000021jyWrAAI,2021-01-01,1
001f2000021jyWrAAI,2022-01-01,1
001f2000021jyWrAAI,2023-01-01,1
001f2000021k0cRAAQ,2020-01-01,1
001f2000021k0cRAAQ,2021-01-01,2
001f2000021lgYsAAI,2019-01-01,1
001f2000021miHaAAI,2019-01-01,1
001f2000021n8yyAAA,2019-01-01,1
001f2000021n8yzAAA,2019-01-01,1
001f2000021n8yzAAA,2021-01-01,1
001f2000021n8yzAAA,2023-01-01,3
001f2000021n8yzAAA,2024-01-01,2
001f2000021n902AAA,2019-01-01,1
001f2000021rkKeAAI,2019-01-01,1
001f2000021tLtZAAU,2021-01-01,1
001f2000021tlhGAAQ,2021-01-01,1
001f2000021tqE9AAI,2019-01-01,1
001f2000021u88wAAA,2022-01-01,1
001f2000021u88wAAA,2023-01-01,3
001f2000021u88wAAA,2024-01-01,1
001f2000022ftAQAAY,2019-01-01,1
001f2000022hcKQAAY,2019-01-01,1
001f2000022hwFrAAI,2020-01-01,1
001f2000022jrXyAAI,2022-01-01,2
001f2000022jrXyAAI,2023-01-01,1
001f200002316CUAAY,2021-01-01,1
001f200002316CUAAY,2022-01-01,1
001f200002316CUAAY,2023-01-01,1
001f20000231s1WAAQ,2020-01-01,1
001f20000232FNKAA2,2020-01-01,1
001f20000232FuxAAE,2021-01-01,2
001f20000232FuxAAE,2022-01-01,1
001f20000232IRzAAM,2021-01-01,1
001f20000232IRzAAM,2022-01-01,1
001f20000234kKdAAI,2021-01-01,2
001f20000234oNwAAI,2020-01-01,1
001f20000234oNwAAI,2023-01-01,2
001f2000023tb9mAAA,2019-01-01,1
001f2000023tbaOAAQ,2020-01-01,1
001f2000023tbaOAAQ,2021-01-01,3
001f2000023tfI2AAI,2019-01-01,1
001f2000023u7R4AAI,2020-01-01,1
001f2000023u9TEAAY,2019-01-01,1
001f2000023u9TEAAY,2021-01-01,1
001f2000023u9TEAAY,2022-01-01,1
001f2000023u9TEAAY,2023-01-01,1
001f2000023u9TEAAY,2024-01-01,2
001f2000023w3ZuAAI,2019-01-01,1
001f2000023w4tZAAQ,2021-01-01,1
001f2000023xKNFAA2,2019-01-01,1
001f2000023xKNoAAM,2019-01-01,1
001f2000023xPm6AAE,2018-01-01,1
001f2000023xPm6AAE,2019-01-01,1
001f2000023xPm6AAE,2021-01-01,1
001f2000023xVtYAAU,2019-01-01,1
001f2000023xVtYAAU,2023-01-01,2
001f2000023xVtYAAU,2024-01-01,1
001f2000024nDzzAAE,2022-01-01,2
001f2000024nJ4hAAE,2022-01-01,1
001f2000024nJ4hAAE,2023-01-01,1
